osm_id,name,x,y
358699355,Pleasant Hill Church,-81.4656666,32.2568668
358774990,Stafford Cemetery,-81.4656645,30.8112208
368995451,Marshes of Glynn,-81.4653773,31.1471753
1068394002,Plum Orchard,-81.4652757,30.8561266
358786839,Greer Elementary School,-81.4648803,31.2780325
358772607,Midway Church,-81.4645539,31.8010464
153930906,Country Club Estates,-81.4642671,31.2127297
7830656419,Sea Camp Campground,-81.4641400,30.7634194
2540715411,,-81.4632473,31.2661098
358772555,First African Church,-81.4631641,31.7471594
358682584,Champney Island,-81.4631578,31.3421705
358680915,Bird Cemetery,-81.4628897,32.1360364
358698066,Petersville Cemetery,-81.4626018,31.3071716
2413820639,,-81.4623632,30.7641624
358772561,First Zion Church,-81.4620529,31.7479928
153927705,Riverside,-81.4620442,31.1752304
358702523,Saint Peters Church,-81.4612177,32.6012859
358683966,Daniel Grove Church,-81.4609376,31.4968881
154337164,Olney,-81.4606666,32.2554779
368995929,Youngs Swamp,-81.4603826,31.5304983
368994727,Big Mortar Swamp,-81.4598290,31.6502175
5492098147,Weather Station,-81.4596453,30.8078485
358772625,New Zion Church,-81.4595528,31.7463262
153904204,Lecount,-81.4587184,31.6799390
367912707,Brunswick Christian Academy,-81.4583000,31.2288000
368994708,Big Bay,-81.4581647,32.3663021
154058054,Belle Point Estates,-81.4562114,31.2224518
358688757,Jekyll Island State Park Authority,-81.4562093,31.0832878
4994957721,Coastal Pines Technical College,-81.4561427,31.2554704
153925297,Kildare,-81.4553845,32.5343451
368996723,Duck Lake,-81.4542772,32.2915860
368995459,McCall Pond,-81.4542612,30.8638466
358770876,Rhetts Island,-81.4539911,31.3668922
368994967,Chisholm Swamp,-81.4537143,31.4421675
2747321977,,-81.4533666,31.2556899
358787007,Midway Middle School,-81.4526831,31.8048368
358685019,Eldora Church,-81.4523336,32.2382564
358699836,Potosi Island,-81.4523245,31.3816139
2665116524,Wendy's Hamburgers,-81.4522017,31.3981273
4858738996,Water (Non-potable),-81.4519711,30.8056424
358786871,Liberty Elementary School,-81.4517043,31.8080090
368995595,Pine Hill Swamp,-81.4509374,31.5146654
358688118,Horsepen Island,-81.4506617,31.6318847
2665125515,Ruby Tuesday,-81.4506143,31.3971744
4416310080,Emery Hardware and General Store,-81.4505614,31.2378968
4858719458,Hickory Hill,-81.4504962,30.8327013
2792093399,,-81.4504445,31.3987804
2706742255,Wildlife Critters Circle of Life Rehabilitation Center,-81.4502764,32.2327348
358681050,Blue Springs Church,-81.4498285,32.6282291
2792093389,,-81.4496837,31.3981786
4427993594,Motel 6,-81.4495099,31.5331096
4427963194,,-81.4490163,31.5345691
358685000,Egypt Church,-81.4489965,32.4571281
358685837,Friendship Tabernacle,-81.4487176,32.5818427
358709758,Youngs Island,-81.4487163,31.5827193
4782125633,Truck Weight Station,-81.4486357,31.4775759
1361659905,,-81.4484485,31.3367238
358772086,Ebenezer Cemetery,-81.4484370,31.4938326
154061100,Windward Acres,-81.4484336,31.2418960
2665300706,Mike Murphy Ford,-81.4484264,31.3930309
4858758923,Yankee Paradise,-81.4480901,30.8500338
4427963292,,-81.4479992,31.5346826
368995561,Moon Change Swamp,-81.4476059,32.7221131
358772228,Young Island Church,-81.4476052,31.5816082
4427963294,,-81.4471706,31.5325199
358772044,Church of God,-81.4470488,31.5391093
367915794,R and M Water and Sewer Water Pollution Control Plant,-81.4470000,31.5367000
7084048209,Jekyll Island Guest Information Center,-81.4469128,31.0592461
4858758922,Water (Non-potable),-81.4468233,30.8425712
4427963293,,-81.4467970,31.5335313
358772541,Calvary Church,-81.4467749,31.7618814
368995372,Johnson Pond,-81.4467609,30.8607912
358709745,Youngs Cemetery,-81.4464940,31.5821637
1068377154,wharf ruins,-81.4464680,30.9295468
4782122743,Truck Weight Station,-81.4460497,31.4780543
358772568,Gods Divine Healing Temple,-81.4453866,31.7902137
358760429,Newton Cemetery,-81.4451094,32.3576918
358774937,High Bluff,-81.4448176,30.9299569
358681372,Brickhill Bluff,-81.4448171,30.8974573
358770255,Eulonia School,-81.4439925,31.5013324
153940902,New Hope,-81.4439897,31.2874502
358702130,Saint Marks Church,-81.4434364,31.4663335
4782122744,BP,-81.4431168,31.5316375
358706076,Thomas Chapel,-81.4423293,32.4801819
367915772,Darien Water Pollution Control Plant,-81.4423000,31.3976000
358706797,Tusculum Church,-81.4406640,32.4068545
358695022,Needwood Church,-81.4406560,31.2818949
358681003,Blitch Cemetery,-81.4403896,32.1979794
358783724,Cumberland Cemetery,-81.4403730,30.9266237
358788535,Lighthouse Baptist Church,-81.4399906,31.2572819
358772079,Davis Cemetery,-81.4395502,31.6327181
358760903,Liberty Church,-81.4387229,32.2010348
358707005,Union Church,-81.4384361,31.4641114
358772552,Faith Mission Church,-81.4381640,31.7843807
154029947,Blitchton,-81.4378896,32.1971460
368995523,Oscar Swamp,-81.4376050,31.5932747
1361659898,Skippers' Oyster Bar,-81.4373207,31.3684321
358775133,Memory Gardens,-81.4368560,31.2729575
358692447,Miles Branch Church,-81.4365007,32.1910350
6195404456,,-81.4363128,31.2668679
368996720,Blue Lake,-81.4362227,32.2507559
368995334,King Swamp,-81.4362140,31.4763332
358772110,First Presbyterian Church,-81.4362126,31.3718921
6063751757,Waterfront Wine,-81.4362108,31.3687448
358707409,Upper Mill Cemetery,-81.4359349,31.3813362
358772198,Todd Grant Elementary School,-81.4352862,31.3791048
7913725563,Turnip Greems,-81.4352803,31.3690811
7913710933,Spartina Grill,-81.4350875,31.3682487
1068366374,Burbank Point,-81.4350311,30.9322847
358703853,Shorter Chapel,-81.4348256,31.5152210
358783737,First African Baptist Church,-81.4346877,30.9237900
358772073,Darien Post Office,-81.4343736,31.3717920
358772186,Saint Johns Baptist Church,-81.4342681,31.3735587
1361659900,B&J's Steaks and Seafood,-81.4342013,31.3750894
367912993,McIntosh County Courthouse,-81.4341598,31.3692041
367914189,Ida Hilton Free Library,-81.4340212,31.3787087
154077894,Darien,-81.4339903,31.3702255
6195411997,The Wanderer Memorial,-81.4337010,31.0215159
6195435284,,-81.4334486,31.0156654
153976076,Riceboro,-81.4334408,31.7354935
154133259,Ardick,-81.4334359,31.4613337
358772107,First Methodist Church,-81.4331569,31.3691145
358772098,First African Baptist Church,-81.4328792,31.3713366
358706715,Turkey Branch Church,-81.4326075,32.4593504
358772176,Saint Andrews Episcopal Church,-81.4326013,31.3677256
358772219,Vernon Square-Columbus Square Historic District,-81.4323235,31.3696699
358772179,Saint Cyprians Church,-81.4320457,31.3666145
358772603,Midway Cemetery,-81.4314977,31.8060466
153906215,Brier Creek Landing,-81.4314947,32.7821103
358772124,Holy Church,-81.4312128,31.4013356
358772056,Columbus Square,-81.4312124,31.3710588
358772146,McIntosh County Academy,-81.4311174,31.4404167
154192531,Tusculum,-81.4306643,32.3929668
358772609,Midway Historic District,-81.4306642,31.8052134
358700215,Raccoon Keys,-81.4303893,32.2618660
358772619,Midway Congregational Church,-81.4303865,31.8060466
154321802,Marshes-of-Mackay,-81.4303779,31.2749508
358787927,Fleming Post Office,-81.4303000,31.8764000
358772163,Oglethorpe Square,-81.4301012,31.3680034
358772077,Darien Public School,-81.4301012,31.3688367
358686784,Halfmoon Bluff,-81.4298059,30.9240966
358760848,Blitchon Church,-81.4295563,32.1938127
358704841,Spring Lake,-81.4289945,32.7232244
154127841,Ardmore,-81.4287179,32.4951810
358772160,Oglethorpe Academy,-81.4284348,31.3938359
358685105,Eneck Cemetery,-81.4281617,32.6012863
358680953,Black Island,-81.4281609,31.6360514
358774941,High Point-Halfmoon Bluff Historic District,-81.4275946,30.9185683
358787943,Jekyll Island 4-H Camp,-81.4274000,31.0173000
153887885,Eulonia,-81.4270478,31.5332762
153842963,Darien Heights,-81.4267678,31.3755032
368995720,Sweetwater Lake,-81.4267602,30.8591247
4142834330,,-81.4267430,31.0727428
4455896696,,-81.4265679,31.9334891
358729361,Gartrell Lake,-81.4265010,32.1185367
154137837,Fleming,-81.4264990,31.8807663
154341986,Bel-Air,-81.4262122,31.3724477
358705189,Stockwell Bluff,-81.4259278,30.9171795
4455896718,,-81.4257830,31.9396591
358697248,Old Providence Cemetery,-81.4253878,32.3363045
358775088,Faith Chapel,-81.4253748,31.0757883
153970230,Fairview,-81.4245455,31.3771698
358693886,Mount Olivet Church,-81.4242769,31.8899326
358697607,Pando Cemetery,-81.4242735,31.7210494
6195435992,,-81.4242727,31.0380845
358786919,Pine Street Christian School,-81.4240945,31.3729024
358701826,Saint James Church,-81.4237206,31.8532673
153983600,High Point,-81.4225044,30.9152995
358681897,Butler Cemetery,-81.4217675,31.3718923
6198595540,Coastal Expeditions Charter Fishing and Dolphin Tours,-81.4215493,31.0467513
153972952,Blue Springs,-81.4214948,32.6332292
368995072,Eneck Bay,-81.4212172,32.6043419
358786805,Cornerstone Christian School,-81.4211453,31.5706727
367915754,Jekyll Island Water Pollution Control Plant,-81.4210000,31.0438000
358682941,Clay Lake,-81.4209387,32.7390569
358685031,Elkins Cemetery,-81.4206662,32.3035293
358772224,Whispering Pines Cemetery,-81.4206567,31.3943915
6198590445,Larry's Giant Subs,-81.4205604,31.0375522
358689908,Lanier Island,-81.4200982,31.1699532
358772028,Andrews Cemetery,-81.4195485,31.5843862
358685674,Free Branch School,-81.4192759,31.8477120
358702917,Sandy Wash Lake,-81.4184388,32.7154471
358787952,Midway Post Office,-81.4183000,31.8025000
1264458321,,-81.4179729,31.0575845
358700259,Ralph Lake,-81.4178834,32.6921149
358698209,Pico Island,-81.4176006,31.3599482
6198539780,jekyll island fishing center,-81.4174927,31.1166778
1369461289,Fort King George Historical Site Visitor Center,-81.4164703,31.3647122
6195435987,Tesla Supercharger,-81.4164407,31.0333110
358706281,Tiger Leap Bluff,-81.4162170,32.6246185
358775082,DuBignon Cemetery,-81.4159303,31.1018990
358696161,Nixon Chapel,-81.4153844,32.5071248
1262894016,Flash Foods,-81.4148822,31.0480836
1369461295,Fort King George Historic Site,-81.4146732,31.3637732
6198549031,clam creek picnic area,-81.4146110,31.1127905
5402802722,The Horton House,-81.4144388,31.1021806
358688452,Indian Cemetery,-81.4142672,31.3699479
153845126,Retreat,-81.4139951,31.7029945
6865326581,Marker Post,-81.4134655,30.8867460
358771534,Jekyll Island,-81.4134297,31.0685662
358690396,Little Cumberland Island,-81.4134280,30.9510681
358693498,Mount Hope Church,-81.4131644,32.3943557
3230752499,Little Cumberland Lighthouse (abandoned),-81.4131063,30.9762132
6055174826,Jekyll Island Campground,-81.4130127,31.1073910
358701715,Saint Andrews Cemetery,-81.4128785,31.3793921
5349134822,Ashantilly center,-81.4126740,31.3808334
358682014,Calvary Church,-81.4123246,31.5152211
6198529567,,-81.4122373,31.0440706
6198562439,Maxwells General Store,-81.4121955,31.0472675
358772674,Ways Temple,-81.4117727,31.7024389
7667249748,,-81.4116362,31.0459005
358684918,Ebenezer Church,-81.4114980,31.8424344
358770863,Gascoigne Bluff,-81.4114867,31.1668978
6198548446,Jekyll Beverage Center,-81.4112867,31.0477282
358772565,Fleming Church,-81.4109424,31.8438233
6198542539,The Reserve,-81.4108768,31.0468011
358787296,Full Gospel Unity Outreach Center,-81.4108000,31.8449000
358772559,First Anderson Grove Church,-81.4103839,31.7013279
1264458306,,-81.4099853,31.0545699
358684140,Day Memorial Church,-81.4098303,31.7988250
358772095,Faith Bible Chapel,-81.4098229,31.3932806
358760467,Wallace Temple,-81.4095509,32.5051806
358760364,Coursey Cemetery,-81.4095506,32.5621220
358739645,Morgan Pond,-81.4095450,32.4403022
154197225,Shawnee,-81.4092226,32.4753460
154347951,Ashintilly,-81.4089896,31.3938361
6198570264,Great Dunes Pavilon,-81.4088782,31.0521203
358684614,East Light Church,-81.4084349,31.4724446
6221483185,Hole 8 Tee,-81.4077210,31.1468391
6223223131,Hole 9 Pin,-81.4074808,31.1410205
358772640,Second Anderson Grove Church,-81.4073282,31.7004946
154285008,Saint Simon Mills,-81.4073199,31.1707867
1607001066,,-81.4068033,31.1390048
5792134518,Driftwood Beach,-81.4066823,31.1139663
6221481970,Hole 8 Pin,-81.4065151,31.1446083
567390456,Immediate Care,-81.4064874,31.1681163
358683077,Clyde Cemetery,-81.4062235,32.0118729
358772612,Miracle Deliverance Church,-81.4062174,31.7168832
358702556,Saint Simons Mill Church,-81.4059310,31.1716200
351547724,,-81.4051513,32.0990634
358702804,Sand Hill Cemetery,-81.4048343,32.2402002
358767870,Beech Hill Church,-81.4045536,31.8532675
358690378,Little Broughton Island,-81.4045437,31.2985614
358699846,Powell Cemetery,-81.4042671,31.3957805
358680488,Bethel Church,-81.4039896,31.4099467
6198473020,,-81.4039881,31.1758037
6195344064,The Club,-81.4038929,31.1647616
351547736,,-81.4037705,32.0985262
358709433,Wise Cemetery,-81.4031679,32.0040953
358702816,Sand Hill Church,-81.4031677,32.2232562
358760365,Dugger Cemetery,-81.4031617,32.5474006
358710080,Frederica Academy,-81.4031529,31.1676642
6060908747,The Cottages at Jekyll Island,-81.4030801,31.0894632
358692715,Mizpah Church,-81.4026062,32.5487895
153886826,Epworth Acres,-81.4025976,31.1788421
154008787,Chimney Villa,-81.4023262,31.6146633
69384086,,-81.4022793,31.1808089
358691887,McIntosh Cemetery,-81.4018471,31.6187377
358680524,Bethel Church,-81.4014952,32.5424009
154027818,Ridgeville,-81.4014894,31.4063357
358680957,Black Island,-81.4014890,31.3707814
7624101501,Octane,-81.4011684,32.1843115
6192501266,Davis Love Grill,-81.4009474,31.1551493
154011948,King City,-81.4006525,31.1363429
6198448752,Holiday Inn Express,-81.4004697,31.1656421
358685407,Ferguson Cemetery,-81.4003880,32.3390821
358704511,South Newport Church,-81.4003817,31.6135522
358772189,Sams Memorial Church,-81.4003792,31.4832777
358689499,King Cemetery,-81.4003786,31.4318905
154185365,Golf Retreat,-81.4003748,31.1391207
358692656,Missionary Alliance Church,-81.3995555,32.2974185
358710076,Saint Ignatius Church,-81.3994118,31.1636220
358710086,Stranger Cemetery,-81.3992640,31.1702312
1647586941,Cay Creek,-81.3990186,31.7831447
358760385,Guyton Elementary School,-81.3990167,32.3395676
358687207,Hawkins Island,-81.3987088,31.1932864
6198378012,Ace Garden Center,-81.3986611,31.1624268
358696911,Oakgrove Church,-81.3984396,32.5368458
358741611,Trophy Lake,-81.3981640,31.8302128
358787537,Saint Simons Presbyterian Church,-81.3980000,31.1427000
358691057,Macedonia Church,-81.3976101,32.3413041
6198484518,Zuzu's,-81.3967496,31.1348203
6198401650,Island Animal Hospital,-81.3965165,31.1610555
585376957,Murray Pit,-81.3964000,32.2541000
6198484510,St. Simons Memories,-81.3963821,31.1355699
6198401651,Christina's Dance World,-81.3963401,31.1618818
153908482,South Newport,-81.3962153,31.6349407
153986286,Kings Terrace,-81.3962080,31.1446761
6195345557,Mellow Mushroom,-81.3962034,31.1367981
358760367,Eden Church,-81.3959456,32.1846460
6198410043,CJ's Italian Restaurant,-81.3954252,31.1373543
2487175468,St. Simons Casino Building,-81.3952502,31.1346540
358683644,Cow Island,-81.3950997,31.3624483
6198559614,Mullet Bay Restaurant,-81.3950447,31.1363916
358698592,Pine Island,-81.3942666,31.3880031
6195318766,Serendipity Spa,-81.3942649,31.1606730
358710083,Ledbetter Island,-81.3942639,31.1732868
6198559606,Zoner's Pizza,-81.3941599,31.1367130
153969531,Carnigan,-81.3939894,31.4343904
6195335608,Holy Nativity Episcopal Church,-81.3937696,31.1414619
585376959,Eden Pit,-81.3937500,32.1456700
153891378,Doswell,-81.3937234,32.2099231
358760404,Marlow Church,-81.3937227,32.2768645
358695337,New Homes Church,-81.3937122,31.4857777
4782125634,Subway,-81.3935591,31.6524185
367915578,Saint Simons Island Lighthouse Museum,-81.3935000,31.1340000
4782122746,Shell,-81.3934760,31.6515206
358772089,Emanuel Baptist Church,-81.3934337,31.4277240
6198559603,The Porch,-81.3933458,31.1362007
6195283404,Demere Grill,-81.3933422,31.1604526
358684480,Downs Cemetery,-81.3931678,32.2132564
358768620,Briggs Cemetery,-81.3923825,31.9749245
358788627,Guyton Christian Church,-81.3923000,32.3336000
6195253991,McDonald's,-81.3921835,31.1602966
358787160,Pine Street Baptist Church,-81.3920000,32.3327000
358788942,Guyton United Methodist Church,-81.3918000,32.3354000
153905470,Pineora,-81.3915003,32.2868638
153877397,Guyton,-81.3914992,32.3363045
358695479,New Hope Church,-81.3914990,32.3424151
6198477608,Winn-Dixie,-81.3914157,31.1582720
6198477605,Edwin Watts Golf,-81.3913943,31.1591098
358692905,Morgan Chapel,-81.3912139,31.5760532
358772093,Enterprise Church,-81.3912139,31.5771642
358782023,Saint Simons Methodist Church,-81.3912077,31.1349541
5794385381,Starbucks,-81.3910622,31.1600761
6198477610,Bonefish Grill,-81.3910053,31.1575375
154169562,Oaky,-81.3909396,32.5249020
358772066,Cuthbert-Grant Cemetery,-81.3909337,31.4377236
153921538,Mallory Park,-81.3909300,31.1455095
153887958,Eden,-81.3906678,32.1738130
154099777,Marlow,-81.3906674,32.2690873
358764280,WSKX-FM (Hinesville),-81.3906608,31.6938283
358787213,Trinity Baptist Church,-81.3903000,31.9136000
6192436922,Chick-fil-A,-81.3901692,31.1596716
154358450,Demere Park,-81.3900966,31.1382875
358787162,Pineora Baptist Church,-81.3899000,32.2929000
358692659,Missionary Church,-81.3898345,32.1827016
6195318762,Hampton,-81.3897266,31.1604802
358787157,New Providence Baptist Church,-81.3897000,32.3327000
154361983,Saint Simons,-81.3895192,31.1353801
6016322839,,-81.3893366,31.2234592
358760439,Eden Missionary Baptists Church,-81.3890012,32.1746462
7626902258,Dollar General,-81.3887793,32.1711783
154348144,Fairhope,-81.3887130,31.5374430
6198602534,House of Allah,-81.3886938,31.2192594
153995690,Riverview,-81.3884302,31.1668981
3738213661,Southern Charm Embroidery,-81.3884047,32.1544436
358760369,Eden Post Office,-81.3881678,32.1704797
358760406,Marlow Church,-81.3881674,32.2685317
6195347785,Southern Soul,-81.3879665,31.1596335
358787518,Christ Church Episcopal,-81.3879472,31.2202210
358788956,Tabernacle of Praise Church,-81.3876000,31.8375000
358707255,Union Island,-81.3875999,31.4038359
358787534,Saint Simons Island Church of Christ,-81.3874000,31.1362000
154168652,Ebo Landing,-81.3870416,31.1882866
153990173,Central Park,-81.3870413,31.1680092
368996909,,-81.3869115,31.1558879
358787515,Emmanuel Baptist Church,-81.3869000,31.1398000
368994763,Boggy Gall Swamp,-81.3864895,31.4727225
358691672,May Hall Island,-81.3862105,31.3677260
358760466,United House of Prayer,-81.3859436,32.3379710
153887525,Limerick,-81.3859417,31.8368794
7626983252,Shyam Food Mart - Chevron Station,-81.3858620,32.1680323
6198446824,Christian Renewal Church of St. Simons,-81.3858410,31.2235323
5114649407,,-81.3858388,32.0796703
154347162,Youngwood,-81.3856524,31.1702313
154216677,Saint Simons Heights,-81.3856522,31.1593982
6195249309,Wesley United Methdist Church At Frederica,-81.3855860,31.2224060
6198472496,Fort Frederica Presbyterian Church,-81.3854567,31.2251239
358760874,Church of Christ,-81.3851107,31.9335424
358698270,Pikes Bluff,-81.3850979,31.2443967
6198469421,Kennedy Outfitters,-81.3844673,31.1531653
153929345,El Dorado,-81.3839859,31.1793979
6198528129,,-81.3838382,31.2088600
153969661,Druid Oaks,-81.3834299,31.1557872
4782122747,McDonald's,-81.3832720,31.7798412
358683471,Corinth Church,-81.3831623,32.4837936
358772129,Hudson Cemetery,-81.3831557,31.4477234
358760447,Saint James Church,-81.3828902,32.1418694
6195267390,Marsh's Edge,-81.3826403,31.2249383
358693590,Mount Moriah Church,-81.3826117,32.2788087
154283630,Devenwood,-81.3823190,31.1749535
6198559601,Boulevard Cafe,-81.3817430,31.1407987
6198469418,Clubhouse,-81.3815050,31.1484065
153852070,Saint Clair Estates,-81.3814860,31.1974531
154339763,Wymberly-On-The-Marsh,-81.3814857,31.1777312
6198486999,Halyard's,-81.3809597,31.1837282
358787050,Oglethorpe Point Elementary School,-81.3809270,31.2186403
153986269,Oglethorpe Park,-81.3806522,31.1682870
6198469419,The Grey Owl Inn,-81.3806080,31.1490880
6198559602,Beach Comber's BBQ & Grill,-81.3804009,31.1407796
358760880,Driggers Cemetery,-81.3801118,31.9785407
358772131,Hutchinson Cemetery,-81.3801001,31.4543899
358687598,Hird Island,-81.3800994,31.3921696
358708203,Welcome Church,-81.3798247,31.5818865
358710055,Bloody Marsh Site,-81.3796267,31.1568445
154074551,Kelvin Grove,-81.3795409,31.1599538
6198485968,Zaxby's,-81.3794635,31.1845112
358787521,Glynn Haven Baptist Church,-81.3793000,31.1882000
358681245,Bragg Cemetery,-81.3788188,31.9773753
358787527,Lord of Life Lutheran Church,-81.3786000,31.1802000
358760414,Meldrim Post Office,-81.3784457,32.1427027
6198483519,Cilantros,-81.3782762,31.1849160
6198471068,First African Baptist Church,-81.3782546,31.2170020
358684278,Dixie Daniel School,-81.3781660,31.9293760
358741617,Upper Lake George,-81.3781639,31.8418793
6198487009,Shops at Sea Island,-81.3781434,31.1829434
358786828,Lord of Life Christian Montessori School,-81.3781200,31.1792300
358772031,Bellville Church,-81.3778788,31.5179991
153969474,Meridian,-81.3778778,31.4518900
153990039,The Meadows,-81.3775965,31.1641204
6195344953,Sal's Neighborhood Pizzeria,-81.3775346,31.1867522
6195434670,Sea palms gym,-81.3774379,31.2121226
154006975,Wesley Oaks,-81.3773187,31.1655093
6195344950,Circle K,-81.3772396,31.1901571
6194023291,Frederica House,-81.3771835,31.1889962
358699939,Prospect Church,-81.3770451,31.5074437
154005178,Lorenzo,-81.3767745,32.4376860
6556368547,,-81.3766452,31.1416070
6195344947,19th Hole Package Store,-81.3765665,31.1881319
3056166582,,-81.3764934,31.2040235
153995697,Silver Lake,-81.3762078,31.1802313
358750645,Oglethorpe Memorial Gardens,-81.3759305,31.2160639
6198433097,Bennie's Red Barn,-81.3753895,31.2072078
154068408,Pine Harbor,-81.3753793,31.5474428
358770450,First African Church,-81.3753779,31.4691116
6198484398,Friendly Express,-81.3753402,31.2055397
6195261783,Frederica Stable,-81.3751524,31.2195870
358772037,Buckley and O'Neal Cemetery,-81.3751023,31.5854976
154191215,Blackbanks,-81.3750967,31.1868978
154103390,East End,-81.3750961,31.1438430
6198485971,Synovus Bank,-81.3750925,31.1838242
1176481378,1936 Historic Coast Guard Station,-81.3730583,31.1456062
358770142,Elm Grove Church,-81.3703776,31.4621674
153965534,Harrington,-81.3700968,31.2066197
358787769,New Praise Community Church,-81.3699000,31.9005000
153918277,Crescent,-81.3695448,31.5093882
154303776,Saint Simons Island,-81.3695404,31.1505097
367914271,Effingham County Sheriff's Department,-81.3694000,32.2188000
358748600,Isle of Wight,-81.3684409,31.8188247
358772221,Wallace Cemetery,-81.3684351,31.5707757
2637392443,The Harrington School,-81.3684134,31.2068406
7627022570,SRM Concrete,-81.3681434,32.1609209
358692074,Meldrim Cemetery,-81.3676125,32.1513135
358760893,Holy Church of God,-81.3676097,31.9018771
6976136072,Sea Palms Resort & Conference Center,-81.3666728,31.1998574
154034691,Bellville Point,-81.3659340,31.5313321
358685030,Elkins Cemetery,-81.3642790,32.0738157
153989648,Daniel,-81.3642766,31.9138211
358721573,Daniel Church,-81.3634433,31.9132656
358772206,Troup Cemetery,-81.3634340,31.5346654
358769539,Crescent Church,-81.3634337,31.5202213
358682020,Calvary Church,-81.3626098,31.9088213
358709817,Zion Church,-81.3620571,32.2077007
358772040,Buzzard Roost Island,-81.3614879,31.4274464
358771716,Saint Simons Island,-81.3612077,31.2182863
358764297,WGCO-FM (Jesup),-81.3607569,31.6133223
358729329,Hodges Pond,-81.3584205,32.5715619
154377029,Village Bluff,-81.3581521,31.2263417
154190950,German Village,-81.3575965,31.2218974
358701179,Rockdedundy Island,-81.3567646,31.3488380
358697161,Old Dorchester Cemetery,-81.3564947,31.7618826
4257066110,Frederica Park Playground,-81.3557365,31.2397690
154045428,Bethel,-81.3548307,32.4137990
358769806,Dorchester Church,-81.3548279,31.7588271
358764484,WYFS-FM (Savannah),-81.3545568,32.0679826
368995288,Horse Pen Swamp,-81.3526125,32.1038148
4660248035,IP-Faulkville,-81.3524680,32.1522920
358709042,Wilkins Cemetery,-81.3514959,31.8116029
358783727,Altamaha State Waterfowl Management Area,-81.3514866,31.3463381
358787977,Sea Island Post Office,-81.3502000,31.1825000
358764467,WCHY-FM (Savannah),-81.3501125,32.0540911
358700779,Richmond Hill Cemetery,-81.3501099,31.9168767
154284268,Sea Island,-81.3498179,31.1835648
358695207,New Dorchester Cemetery,-81.3492721,31.7591050
154208796,Cedar Point,-81.3492659,31.4974441
358703935,Silver Hill Church,-81.3470516,32.4635177
6195428257,The Lodge On Little Saint Simons,-81.3446573,31.2940334
358760420,Monterey Park Church,-81.3442793,32.1477024
358786969,Effingham County Middle School,-81.3441812,32.3536329
153888996,Valona,-81.3439877,31.4782782
7627037732,,-81.3436495,32.1515494
358690019,Lebanon Cemetery,-81.3412135,31.6413299
368995208,Hardin Swamp,-81.3409460,32.1415915
358764470,WEAS-FM (Savannah),-81.3406678,32.0468721
358692924,Morgans Pond,-81.3404847,32.1938184
358680509,Bethel Church,-81.3398313,32.3951892
7627036572,Subway,-81.3388626,32.1452969
358764476,WZAT-FM (Savannah),-81.3387252,32.0585376
358760391,Hester Cemetery,-81.3378907,32.1932566
358697786,Patterson Island,-81.3378762,31.4616121
358772156,Nelson Cemetery,-81.3367682,31.6157750
358786816,South Effingham Middle School,-81.3367535,32.1887285
358760381,Falkville Church,-81.3365016,32.1465913
5304721165,Arby's,-81.3357470,31.9251561
4782122748,McDonald's,-81.3347940,31.9263635
358706710,Turkey Branch Church,-81.3345528,32.4196320
358786799,South Effingham High School,-81.3342123,32.1879760
5304721170,Shell,-81.3340434,31.9248711
4782125635,Exxon,-81.3337822,31.9265423
358760361,Country Side Church,-81.3334462,32.1893677
358703194,Sea Island,-81.3331508,31.2002314
5304721168,Popeyes,-81.3326532,31.9254172
367913760,Live Oak Public Library System Effingham County Branch,-81.3316000,32.3612000
4782122751,McDonald's,-81.3310025,31.9607582
358701113,Rock Island,-81.3303754,31.4138359
358705838,Taylor Church,-81.3298280,32.5301805
4782122750,Marathon,-81.3297300,31.9608954
154037419,Seabrook,-81.3287156,31.7435501
358705567,Sutherland Bluff,-81.3284329,31.5493876
358690477,Little Saint Simons Island,-81.3284296,31.2991177
4782122749,Exxon,-81.3279648,31.9598062
358760354,Central Junior High School,-81.3276097,32.3746351
358704770,Spring Hill Church,-81.3259456,32.0363169
5759885068,Toni's Grooming Station,-81.3255483,31.9331851
358787762,Calvary Holy Church of God,-81.3248000,31.9583000
358760393,Holy Samaritan Church,-81.3245542,32.3707466
358769536,Creighton Island,-81.3245431,31.5213326
1433449799,Food Lion,-81.3244961,31.9337667
368995113,Gadny Bay,-81.3240018,32.1538132
358684308,Doboy Island,-81.3234304,31.3999476
358788163,Fort Argyle Church,-81.3234000,32.0306000
153911905,Shellman Bluff,-81.3231555,31.5727204
358760434,Northside Church,-81.3228875,32.3746351
358696085,New Zion Holiness Church,-81.3226057,32.5326805
358688083,Horning Memorial,-81.3223349,32.1135367
358721580,Richmond Hill Church,-81.3220551,31.9554865
358705475,Sunbury Church,-81.3220487,31.7441058
358772167,Old Sailors Burying Ground,-81.3214863,31.4332798
358772035,Bower Chapel,-81.3209332,31.5729982
358760427,Mount Zion Church,-81.3203835,32.5301806
358702253,Saint Mathews Church,-81.3201097,32.3763017
358760453,Springfield Elementary School,-81.3197629,32.3825847
358772060,Contentment Plantation Cemetery,-81.3195442,31.5721649
368995076,Elbow Swamp,-81.3187201,31.9018776
358786945,Richmond Hill Middle School,-81.3184836,31.9253008
358681377,Brickyard Cemetery,-81.3181677,32.0263173
358760469,Wesley Independent Church,-81.3173313,32.3979670
358772050,Church of God,-81.3173234,31.6304971
367914431,Effingham County Correctional Institution,-81.3171887,32.3657775
368995296,Horning Swamp,-81.3165022,32.2210332
358760930,Richmond Hill High School,-81.3163074,31.9256435
358787968,Richmond Hill Post Office,-81.3153000,31.9511000
6015281066,Richmond Hill Public Libary,-81.3153000,31.9525000
358697599,Palmyra Church,-81.3151041,31.7441059
358709591,Wright Cemetery,-81.3145570,32.0927040
367912975,Effingham County Courthouse,-81.3142764,32.3732464
154115255,Spring Branch,-81.3131658,32.3585251
358686250,Gould Branch Church,-81.3131553,31.5832759
358680655,Bethesda Church,-81.3128911,32.2174222
358689467,Kieffer Cemetery,-81.3126097,32.3782461
367914978,Springfield City Hall,-81.3123321,32.3710243
358685969,Doctor George Washington Carver Elementary School,-81.3122348,31.9370412
368995434,Lost Swamp,-81.3120556,31.9735414
358788939,Church of Christ,-81.3119389,32.1893395
367914540,Richmond Hill City Hall,-81.3117790,31.9488320
358786855,Richmond Hill Primary School,-81.3115239,31.9391143
154179821,Springfield,-81.3114988,32.3724131
2937459796,,-81.3113274,31.8207568
2937319996,230,-81.3100242,31.8203066
358683262,Commodore Island,-81.3098187,31.3949478
2937459783,,-81.3096966,31.8180401
2937319989,64,-81.3088072,31.8238644
2937319993,116,-81.3087702,31.8222544
2937323007,236,-81.3087024,31.8200459
358787734,Bloomingdale Alliance Church,-81.3081000,32.1340000
358760928,Richmond Hill Elementary School,-81.3078864,31.9393603
2937319995,173,-81.3076672,31.8217963
2937319992,323,-81.3073823,31.8235824
2937323004,133,-81.3073469,31.8227464
358768670,Bryan Neck Church,-81.3073319,31.9265989
2937319986,330,-81.3072359,31.8244875
2937319982,249,-81.3069031,31.8253540
367914227,Richmond Hill City Jail,-81.3067118,31.9448765
2937519070,,-81.3065375,31.8202850
2937319984,253,-81.3063639,31.8239325
153950014,Brisbon,-81.3062205,31.9171548
358760472,Wheeler Cemetery,-81.3062178,32.4762952
2937319980,242,-81.3060866,31.8247859
358701730,Saint Annes Church,-81.3059434,31.9410427
2937323001,198,-81.3058032,31.8257205
2937319999,66,-81.3056026,31.8226495
358739631,Lakeside Farms Pond,-81.3054445,32.5284900
358694078,Mount Pleasant Church,-81.3053836,32.5154595
2937319975,48,-81.3051685,31.8238984
358683339,Contentment Bluff,-81.3051000,31.6032755
5263223484,,-81.3050010,31.9466726
358764506,WGEC-FM (Springfield),-81.3048322,32.3674134
2937319972,33,-81.3047491,31.8247793
2937319960,128,-81.3046694,31.8260948
2937375961,,-81.3039406,31.8277166
2937319959,106,-81.3038868,31.8255215
154034643,Richmond Hill,-81.3035515,31.9382381
2937390217,4533,-81.3035251,31.8266965
368995758,Skinners Bay,-81.3034468,32.2329772
2937319967,93,-81.3034000,31.8242859
2937375960,4511,-81.3032968,31.8301368
2937319964,69,-81.3030210,31.8250686
2937390219,4654,-81.3025702,31.8269585
2936975312,34,-81.3023439,31.8256617
367914551,Bloomingdale City Hall,-81.3022000,32.1335450
4457836308,"George A. Waters, Attorney at Law",-81.3021478,31.9365007
358772139,Julienton Cemetery,-81.3020431,31.5574431
153894212,Julienton,-81.3017654,31.5604986
2937397721,134,-81.3014412,31.8260208
2937397722,,-81.3003925,31.8264219
358781098,Bloomingdale Elementary School,-81.3002268,32.1275722
358788392,Alpha United Methodist Church,-81.3001325,32.1318140
358690482,Little Sapelo Island,-81.3000964,31.4285578
358709456,Wolf Island National Wildlife Refuge,-81.3000492,31.3484122
2937397727,165,-81.2994778,31.8275773
358764463,WSVH-FM (Savannah),-81.2993059,32.0589620
154139307,Bloomingdale,-81.2990018,32.1324249
2937397723,,-81.2987322,31.8260960
2937459799,,-81.2987103,31.8177848
1390852678,Pink Closet,-81.2985985,31.9315269
358760445,Ryal Cemetery,-81.2981614,32.5068490
2937397726,195,-81.2981206,31.8271967
358702799,Sand Hill Cemetery,-81.2978898,32.0007627
358788396,Lighthouse Baptist Church,-81.2958131,32.1239626
358685127,Ennis Cemetery,-81.2956682,32.0960372
358686734,Gun Hill Cemetery,-81.2956673,31.9960406
154155743,Port Royal,-81.2956643,31.9038221
2575445526,Roma Pizza,-81.2952536,32.1306511
8214681431,,-81.2950049,32.5291854
358787771,Richmond Hill Church of Christ,-81.2949000,31.9287000
154205484,Ottawa Estates,-81.2942795,32.1327027
6015643091,,-81.2941927,32.1647409
2937459792,,-81.2940754,31.8195717
358770631,Fourmile Island,-81.2939870,31.5468878
358691576,Mary Hammock,-81.2939852,31.4460573
368995859,Three Men Swamp,-81.2931691,32.2257551
3089692257,,-81.2929336,32.0858679
3089692243,,-81.2926691,32.0850112
154333382,Belfast,-81.2917727,31.8243809
368995612,Poplar Swamp,-81.2914969,31.8827119
358688622,Jack Hammock,-81.2881517,31.4632790
358685472,Fishing Hammock,-81.2881516,31.4474461
358682363,Cattle Hammock,-81.2878798,31.6977183
358772193,Sapelo Island National Estuarine Sanctuary,-81.2873183,31.4543904
358788936,Berea Southern Methodist Church,-81.2869000,32.1993000
358721638,Kings Ferry Park,-81.2867778,31.9785414
4245251763,Two Addison Place Apartment Homes,-81.2861912,32.1011371
358689966,Laurel Hill Church,-81.2859401,32.4701848
358682760,Cherry Hill Cemetery,-81.2853875,31.9360431
368996044,Walthour Swamp,-81.2851133,32.1757568
358781267,Little Ogeechee Pond,-81.2848346,32.0538165
358682393,Cedar Grove Cemetery,-81.2845512,32.4707404
358685736,Friendship Church,-81.2831553,31.6232753
357118633,Stokes Bluff,-81.2828829,32.5576796
1040376278,,-81.2826884,32.0805177
358781214,Holy Angels Church,-81.2823349,32.1007593
358781091,Bethel Church,-81.2823345,32.0457613
4782125639,BP,-81.2817993,32.0029642
2346487093,McDonald's,-81.2814322,32.0046757
368996047,Walthour Swamp,-81.2812242,32.1449244
154299314,Rahns,-81.2812230,32.3143613
154088384,Sunbury,-81.2809372,31.7682722
358783749,Fort Morris State Historic Site,-81.2809370,31.7643835
4782122752,Exxon,-81.2808982,32.0033611
4782125637,Quick Stop,-81.2804143,32.0045707
358680438,Bethel Cemetery,-81.2803901,32.0465945
358772210,University of Georgia Marine Institute,-81.2803699,31.3976326
358686324,Gravel Hill Cemetery,-81.2798352,32.1252029
358788976,Richmond Hill Presbyterian Church,-81.2797000,31.9143000
2346487098,,-81.2794534,32.0045301
154005047,Sapelo Island,-81.2787063,31.3974480
153914860,Halfmoon Landing,-81.2784350,31.6996627
2658548895,Cracker Barrel,-81.2777959,32.0045069
8039391319,Country Inn & Suites,-81.2773980,32.0063949
358700782,Richmond Hill Cemetery,-81.2773314,31.9215993
358760422,Morgan Cemetery,-81.2770498,32.5315701
358697780,Patterson Cemetery,-81.2759420,31.9085443
1313123862,Christ Presbyterian Church,-81.2748690,32.0671033
1313123871,Risen Savior Lutheran Church,-81.2746372,32.0654105
358701870,Saint John Church,-81.2745574,32.1215919
1040376301,,-81.2742321,32.0928717
154207824,Drum Point Landing,-81.2739901,31.6838298
358760416,Metzger Cemetery,-81.2737174,32.4871283
3977017331,,-81.2734904,32.2332621
358703646,Shiloh Church,-81.2734451,31.9988184
2077449332,Pooler Fire Department Station 4,-81.2728955,32.0655652
3215278198,,-81.2725889,32.1249028
368998030,Harris Neck Wildlife Refuge (Abandoned Airport),-81.2714887,31.6399417
358772148,Moses Hammock,-81.2709289,31.4793896
1311559822,Jalapeno's,-81.2706898,32.0981342
1800997967,Pooler Seafood,-81.2702274,32.1226452
5998138332,Roma Gourmet Pizza,-81.2698640,32.0967601
358760359,Clyo Post Office,-81.2684396,32.4835175
7956383604,Dollar General,-81.2680907,32.0546881
358685556,Ford Island,-81.2678870,31.9265992
358789003,Coastal Christian Center,-81.2677000,31.9953000
358788757,Southwest Baptist Church,-81.2677000,32.0245000
358684323,Dog Hammock,-81.2675964,31.5279994
5907164324,Henderson,-81.2675107,32.0042548
154080501,Clyo,-81.2670507,32.4840731
358710934,Harris Neck National Wildlife Refuge,-81.2664886,31.6418862
6278880431,,-81.2654772,31.3905018
358772196,Sapelo Island School,-81.2653727,31.4252249
358769286,Colonels Island,-81.2642683,31.7143849
358786874,Southwest Middle School,-81.2638315,31.9982328
358760425,Mount Pisgah Church,-81.2637174,32.4857397
358772112,Gould Cemetery,-81.2634323,31.6238310
358788963,Calvary Assembly of God Church,-81.2634000,32.1197000
154353472,Blandford,-81.2631688,32.2785300
1311559783,Pooler Fire Station 2,-81.2626313,32.1274995
358687727,Hog Hammock,-81.2620391,31.4238361
358681857,Burnt Church Cemetery,-81.2617740,31.8785456
2713449065,,-81.2612663,32.0852256
358768667,Bryan Neck Church,-81.2612171,31.8418805
4630194781,Marathon,-81.2611138,31.8906130
358760867,Bryan Neck Cemetery,-81.2603849,31.8710460
4630194780,Bryan County Administration Building,-81.2597635,31.8811784
358681681,Bryan Neck Church,-81.2592737,31.8710460
358772663,Tidal Community School,-81.2592687,31.7313291
154212274,Berryville,-81.2587193,32.4285209
358788198,Heavenbound Baptist Church,-81.2584000,32.0381000
358721635,Chevis Oaks Church,-81.2576114,31.9899300
358760463,Union Spring Church,-81.2576082,32.4271321
7668307192,,-81.2574852,32.1679733
358687972,Hopeton Plantation Cemetery,-81.2573342,32.0135402
358772173,Richard J Reynolds State Wildlife Refuge,-81.2570393,31.4668901
154354606,Ogeechee Farms,-81.2567780,31.9885412
153996398,Thomas Landing,-81.2567659,31.6410529
358705248,Strathy Hall Cemetery,-81.2564971,31.9035447
2724621712,,-81.2562785,32.1750091
2724622025,,-81.2560719,32.1761647
4049761754,Goodyear,-81.2560433,32.1365544
4049761757,The Nail Avenue,-81.2557730,32.1373619
358769417,Corinth Church,-81.2556609,31.8285478
6901044513,CVS Pharmacy,-81.2556083,32.1352438
6090832659,Strathy Hall Park,-81.2555311,31.8968584
358686180,Goodwill Church,-81.2553911,32.2813075
358787964,,-81.2553217,32.1188137
2724621990,,-81.2551427,32.1766066
4049761753,Parker's,-81.2549846,32.1360475
4049761751,Savannah Car Wash,-81.2544328,32.1371736
358702216,Saint Marys Church,-81.2542798,32.2854740
2724621968,,-81.2542505,32.1763083
4049295300,Surf Lagoon,-81.2542362,32.1447493
1032475628,Bahama Bobs,-81.2542073,32.1337779
4049761761,Pediatric Associates,-81.2540493,32.1384528
154085027,Keller,-81.2537170,31.8432695
2724622028,,-81.2536375,32.1756382
2724621887,,-81.2535411,32.1770180
2713449001,,-81.2534683,32.0807900
2724622062,,-81.2529608,32.1763103
5888523987,Flacos Tacos,-81.2528894,32.1056911
2724621767,,-81.2526882,32.1774075
1800997958,Public Works,-81.2526536,32.1070062
5998242322,Genealogy Dresses - Savannah,-81.2525103,32.1349941
4506499492,Mellow Mushroom,-81.2523661,32.1368715
4506512632,Starbucks,-81.2520549,32.1377061
2724622088,,-81.2520451,32.1759235
358699674,Pooler Elementary School,-81.2519748,32.1212100
358788754,Southside Church of God,-81.2518000,32.0063000
2724621650,,-81.2516744,32.1768077
5998192369,Lovin' Spoons,-81.2516260,32.1345958
2724622154,,-81.2515776,32.1747421
2724621547,,-81.2515454,32.1778190
3546931036,,-81.2515115,32.1315642
4049771623,PetSmart,-81.2514170,32.1416985
4506503729,Wild Wing Cafe,-81.2513978,32.1367329
358760458,Stillwell Post Office,-81.2512211,32.3776907
5998192362,The UPS Store,-81.2511191,32.1355384
2724622100,,-81.2510678,32.1757405
4049295301,Frames n' Games,-81.2509336,32.1476622
153964737,Garden Acres Estates,-81.2506684,32.1035369
4049771626,Kirkland's,-81.2503968,32.1420066
2724622233,,-81.2503685,32.1772646
2724621607,,-81.2502471,32.1783575
367914702,Pooler Town Hall,-81.2502452,32.1157007
4049288665,Visionworks,-81.2502025,32.1408788
2724622185,,-81.2501930,32.1763322
5749873070,Premier Bowl & Bistro,-81.2500694,32.1469454
358697025,Ogeechee Church,-81.2495553,31.9777084
358760357,Church of God,-81.2494427,32.3204994
4049771631,Palm Beach Tan,-81.2494041,32.1422508
2724621758,,-81.2493542,32.1776180
4055324840,Pooler Stadium Cinemas 12,-81.2493508,32.1367249
4054025958,,-81.2493433,32.1333153
3516439698,,-81.2488822,32.1386030
2724621879,,-81.2487319,32.1769298
4049771641,Marble Slab Creamery,-81.2484727,32.1426600
367913649,Live Oak Public Library System West Chatham Branch,-81.2483838,32.1150965
1032173963,Cheddar's,-81.2482877,32.1464456
1032237862,,-81.2481839,32.1434573
358699010,Pisgah Cemetery,-81.2481614,32.4949060
3542508348,,-81.2479160,32.1175076
2702536971,McDonald's,-81.2477728,32.1413208
3542508421,,-81.2474138,32.1185803
1544379918,,-81.2472640,32.1154742
3542508526,,-81.2469107,32.1196443
368994985,Culvert Swamp,-81.2465013,32.0579832
3542508868,,-81.2462870,32.1209645
358700233,Rahn Cemetery,-81.2462233,32.3124168
358686099,Gnann Cemetery,-81.2462217,32.3604695
358705172,Stillwell Cemetery,-81.2462211,32.3765797
358783610,New Mount Olive Church,-81.2459441,31.9735419
1027356152,El Potro,-81.2458034,32.1153878
2724695469,,-81.2457968,32.1847914
4519474314,,-81.2456737,32.1829004
154022284,Myrtle Grove,-81.2456629,31.8846567
368995675,Sawdust Bay,-81.2453840,32.4860177
2724695300,,-81.2450328,32.1842197
358787739,Rothwell Baptist Church,-81.2450184,32.1180901
2724695263,,-81.2448618,32.1852568
358781344,Saint Bartholomews Church,-81.2448329,31.9707644
153840456,Fancy Hall,-81.2448252,31.7688282
2724695463,,-81.2446544,32.1863812
2724695342,,-81.2443426,32.1835853
358680454,Bethel Chapel,-81.2442796,32.2896403
358680498,Bethel Church,-81.2442784,32.0029853
4408633112,Old Navy Outlet,-81.2442740,32.1333367
368994953,Coldbrook Swamp,-81.2440029,32.2132552
153898589,Birds,-81.2440001,32.3407485
2724695389,,-81.2439951,32.1856010
4408633104,Banana Republic Factory Store,-81.2439468,32.1344587
2724695431,,-81.2436878,32.1847709
3442208939,Chipotle,-81.2435246,32.1402870
4408633109,H&M,-81.2434694,32.1359032
2724695381,,-81.2433008,32.1833714
358787063,Blandford Elementary School,-81.2432405,32.2613833
2724695425,,-81.2431912,32.1861281
4408633103,Ann Taylor Factory Store,-81.2429074,32.1344851
2724695409,,-81.2427199,32.1844958
1312079755,Lovezzola's,-81.2426767,32.1144868
358764422,WRHQ-FM (Richmond Hill),-81.2426074,31.8835457
2724695364,,-81.2425216,32.1853929
153906273,Sweet Hill,-81.2423282,31.8485472
4049015351,,-81.2419304,32.1345075
3215278201,,-81.2418059,32.1382471
154209521,Coldbrook,-81.2417808,32.2376987
358702926,Sapelo Island,-81.2417611,31.4774455
2724695383,,-81.2415856,32.1857614
1312079887,Burger King,-81.2412417,32.1130420
358704549,South Valley Church,-81.2409460,32.0927042
2724695347,,-81.2408922,32.1850919
2724695345,,-81.2407878,32.1817436
3097213152,Grand Lake Lodge & Spa,-81.2405957,32.0589979
2724695261,,-81.2404314,32.1827104
358682429,Cedar Hammock,-81.2400964,31.5543882
2724695297,,-81.2399852,32.1835059
2724695313,,-81.2399555,32.1848791
2724695305,,-81.2397434,32.1815557
4052307475,,-81.2396441,32.1507648
358696270,North Salem Church,-81.2395581,32.1918672
358679550,Antioch School,-81.2395572,32.0946485
2724695265,,-81.2394940,32.1824886
358681976,Cabretta Island,-81.2393225,31.4337129
358788681,Quacco Baptist Church,-81.2393000,32.0189000
2724695442,,-81.2391250,32.1842210
1030270608,,-81.2390955,32.1373268
4052307476,,-81.2389973,32.1520715
1030270720,,-81.2387133,32.1403174
2724695452,,-81.2386889,32.1818774
2724695422,,-81.2381162,32.1845039
1030270649,Staybridge Suites,-81.2376194,32.1403346
2724695306,,-81.2374628,32.1819619
7698365668,,-81.2374525,32.1212709
2724695309,,-81.2374404,32.1837275
1030286244,Hilton Garden Inn,-81.2373111,32.1388419
6685396020,,-81.2366198,32.1103148
367914970,Rincon Town Hall,-81.2365017,32.2943624
367915576,Mighty Eighth Air Force Museum,-81.2364132,32.1154621
6689789890,Cracker Barrel,-81.2359564,32.1128943
358781089,Beth Church,-81.2356675,32.0154850
154081772,Rincon,-81.2353905,32.2960289
154390779,Raccoon Bluff,-81.2350944,31.4660571
358760443,Rincon Elementary School,-81.2344130,32.2957212
1032125145,,-81.2336308,32.1398627
368995415,Long Pond,-81.2331617,32.4901843
1036680844,Wendy's,-81.2325868,32.1393353
1311974681,Waffle House,-81.2320793,32.1104271
3215278199,,-81.2313388,32.1371441
154009508,Haddonville,-81.2301081,32.4346319
1311974595,Fun Park,-81.2293971,32.1090480
153870224,Exley,-81.2290030,32.2457541
358767762,Barbour Island,-81.2287082,31.5813324
368995673,Sam Hole Bay,-81.2284401,32.4721298
153973251,Georgetown,-81.2273334,31.9832644
358706198,Thompson Pond,-81.2273309,32.4151887
3056731375,,-81.2262037,32.0672468
7383495523,Mitsubishi Hitachi Power Systems,-81.2251336,32.0753072
154358533,Starland Park,-81.2251129,32.1227033
154018598,Oak Level,-81.2251063,31.8557697
368995088,Duck Pond,-81.2248288,32.4796294
6014937783,Boots Unlimited,-81.2247743,32.1041855
358787861,The Church of Jesus Christ of Latter-day Saints,-81.2242000,31.9834000
154210072,Willowpeg,-81.2240020,32.2779745
358699800,Porter Cemetery,-81.2217731,32.4849069
358781302,New Testament Church,-81.2206676,32.0296515
358711353,Belle Isle,-81.2203804,31.7624403
2061952543,,-81.2201451,32.2628816
4834703050,Thompson Chiropractic & Wellness Center,-81.2195599,32.2620970
2702160142,,-81.2188570,32.1409668
358687205,Hawkins Chapel,-81.2187222,31.9804869
358707705,Wahoo Island,-81.2184310,31.6068879
358760441,Rincon Church,-81.2178915,32.2588089
358691325,Magnolia Memorial Park,-81.2165011,32.0388179
2702547110,,-81.2160526,32.1554541
2698476098,"Gulfstream Aerospace Corp., RDC 3",-81.2156217,32.1542564
2702160289,,-81.2154474,32.1516542
2716449973,Innovation Cafe,-81.2151095,32.1531458
358769603,Cubbage Island,-81.2148250,31.7677180
153919320,Silverwood Plantation,-81.2137245,32.2654753
3555336553,,-81.2136395,32.1356589
3555361890,,-81.2134768,32.1329632
3555336461,,-81.2127807,32.1342378
2698476096,"Gulfstream Aerospace Corp., RDC 1",-81.2126326,32.1555961
2698476099,"Gulfstream Aerospace Corp., RDC 2",-81.2124290,32.1535591
3555336607,,-81.2118818,32.1368683
6561624232,Your CBD Store,-81.2116523,32.2521206
358686240,Goshen Church,-81.2115027,32.2499206
358784492,"Georgia Institute of Technology, Savannah Campus",-81.2115000,32.1682000
358680966,Blackbeard Island National Wildlife Refuge,-81.2112290,31.5080618
2698476097,"Gulfstream Aerospace Corp., RDC Labs",-81.2111797,32.1538098
154046419,Meinhard,-81.2109466,32.1815901
358690334,Little Bay Hammock,-81.2109318,31.5060703
6015293621,River Walk Savannah Apartments,-81.2101630,31.9888547
367914269,Savannah Airport Police Department,-81.2099020,32.1372040
358693050,Moss Island,-81.2096333,31.6262626
358770987,Gnann Fishpond,-81.2095534,32.4051895
358680069,Bay Hammock,-81.2089840,31.5227229
154082475,Village Green,-81.2081669,31.9890980
358695057,Nelsons Bluff,-81.2078721,31.4882793
6568868485,PGA Tour Grill,-81.2069306,32.1354409
153964506,Goshen Villa,-81.2059467,32.2613088
154169606,Grove Point,-81.2039989,31.9515996
154114063,Berrys Landing,-81.2034418,32.4221329
358779007,Kilkenny Bluff,-81.2031591,31.7891064
4544408645,C & P Interstate Tires,-81.2019404,32.0887932
67137881,,-81.2016268,31.9844103
67038167,,-81.2001319,32.0697183
358710194,Richmond Hill State Park,-81.1994890,31.8889275
358787875,Dean Forest Baptist Church,-81.1983000,32.0737000
358693548,Mount Marriah Church,-81.1978909,32.1804791
358781430,Waldburgh Cemetery,-81.1976120,32.0104863
358688150,Houston Church,-81.1965332,32.2193949
153923179,Fort McAllister,-81.1960562,31.8908351
358768449,Blackbeard Island,-81.1959280,31.5160566
5224799021,McDonald,-81.1948621,32.1887989
358787755,White Oak Baptist Church,-81.1940000,32.1795000
4842853005,Comfort Suites Savannah North,-81.1932465,32.1944299
358783612,Silk Hope Church,-81.1923344,32.0446516
154017039,Port Wentworth Junction,-81.1920572,32.1438141
8039388327,Country Inn & Suites,-81.1918915,32.1900190
6340475295,Andy's Lawn Machinery,-81.1918286,32.0415547
154197259,Silk Hope,-81.1917788,32.0429850
2585947170,,-81.1907964,32.1202164
2586154609,,-81.1907025,32.1228377
358689060,Jones Cemetery,-81.1895565,32.2976958
358692234,Middle Marsh Island,-81.1892766,31.9521555
367915598,Savannah - Travis Field Water Pollution Control Plant,-81.1892294,32.1133281
358696927,Oakland Church,-81.1884454,32.0329855
358680829,Bible Church (historical),-81.1882914,32.0904566
358686386,Green Cemetery,-81.1878901,32.2915850
153831454,Windward,-81.1862220,31.9746547
358781108,Gould Elementary School,-81.1858446,32.0473647
358682735,Cherokee Hill Cemetery,-81.1851128,32.1521471
153976374,Mortons Mobile Home Park,-81.1851122,32.0407631
358788984,Alpha and Omega Worship Center,-81.1847000,32.0476000
358748708,Savannah Lookout Tower,-81.1842788,32.0421519
67108559,Lotts Island,-81.1833102,31.9885115
7873314602,,-81.1823481,32.3792464
154213269,Ebenezer,-81.1823320,32.3779691
153976358,Azalea Plaza Mobile Home Park,-81.1812233,32.0415964
153987062,Grubbs,-81.1809453,32.0104867
358679094,Abercorn Church,-81.1795575,32.2588091
358703087,Savage Island,-81.1795516,31.8827143
358705042,Steadman Island,-81.1789993,31.9615999
154365920,Woodlawn Terrace,-81.1787235,32.0927054
367915583,Savannah Water Works,-81.1784464,32.2557538
358788904,First Oakgrove Missionary Church,-81.1772000,32.0954000
358788918,Higgins Evangelist Church,-81.1771000,32.1130000
1565053354,,-81.1764717,31.9840944
358709506,Woodlawn Church,-81.1762235,32.0932610
5998173757,Southwest Chatham Library,-81.1759752,31.9855412
154282243,O'Leary,-81.1759463,32.2107558
358696673,Oak Grove Church,-81.1759457,32.0960386
5573979583,,-81.1758850,32.2170222
358789034,Holy Living Christian Center,-81.1757000,31.9803000
358781461,Woodland Church,-81.1756679,32.0882612
358707709,Walburg Island,-81.1753774,31.6793878
358788679,Providence Presbyterian Church,-81.1750000,31.9871000
7084048210,Georgia Visitor Information Center - Port Wentworth,-81.1747409,32.2169632
5354351523,Target,-81.1747153,31.9842677
2769358572,water,-81.1738625,32.2174466
585253455,,-81.1738401,31.9834172
358787743,Bonnybridge Baptist Church,-81.1729000,32.1551000
1030270717,Bass Pro Shop,-81.1727298,31.9833735
358788702,Savannah Baptist Temple,-81.1724000,31.9882000
5361700222,GameStop,-81.1718517,31.9841104
153846312,Paradise Village Mobile Home Park,-81.1717788,32.0449298
358763533,WNMT-AM (Garden City),-81.1709457,32.0857614
358788618,Trinity Church of God,-81.1707000,32.0873000
154085669,Sharon Park,-81.1703902,32.0904834
7873314589,,-81.1695190,32.3609254
367915746,Garden City Water Pollution Control Plant,-81.1686345,32.1176258
358787147,Armstrong Atlantic State University Savannah Campus Armstrong Center,-81.1684000,31.9794000
4290489536,McDonald's,-81.1683059,31.9813099
358787437,Real Life Christian Fellowship Church,-81.1682000,32.1478000
367914424,Chatham County Jail,-81.1679210,32.0666610
7412451648,SAV Pavers & Co.,-81.1672537,31.9817999
358784522,Garden City Elementary School,-81.1671338,32.0910830
358789012,Fellowship Assembly of God Church,-81.1662779,32.1193799
367914242,Savannah Regional Youth Detention Center,-81.1657180,32.0610710
5265826321,Larry's Bait & Tackle,-81.1653075,32.1602669
358685467,First Mount Calvary Church,-81.1651124,32.0924278
358703536,Shed Island,-81.1645517,31.8854924
154059026,Central Junction,-81.1644712,32.0902000
154311365,Windsor on the Marsh,-81.1634440,31.9693778
358787746,Port Wentworth Alliance Church,-81.1634000,32.1471000
4483252136,,-81.1633354,31.9782138
358787842,Chatham Parkway Baptist Church,-81.1632000,32.0439000
367914697,Port Wentworth City Hall,-81.1631681,32.1449255
153898291,Port Wentworth,-81.1631681,32.1490920
4482524748,,-81.1627484,31.9790065
358788898,Center Baptist Church,-81.1626000,32.0923000
358781325,Port Wentworth Post Office,-81.1623348,32.1468699
367913732,Live Oak Public Library System Port Wentworth Branch,-81.1623000,32.1505000
358788266,Living Hope Community Fellowship Church,-81.1622570,32.1128979
4482524613,,-81.1621801,31.9800478
358781187,Mercer Middle School,-81.1619866,32.1108446
358781367,Savannah Christian Preparatory School,-81.1616611,32.0746286
358787753,Port Wentworth Methodist Church,-81.1615000,32.1492000
358788169,Garden City Primitive Baptist Church,-81.1607487,32.1192905
358789054,Temple of Praise Church,-81.1604000,31.9880000
358787892,Fairlawn Baptist Church,-81.1594000,32.1084000
358789000,Church of Christ of Savannah,-81.1592954,31.9864030
154015158,Mulberry Grove,-81.1592793,32.1896457
6081669964,Remote Technology Security Services LLC,-81.1591639,32.0780676
358781323,Port Wentworth Elementary School,-81.1591157,32.1413348
358787749,Port Wentworth First Baptist Church,-81.1590000,32.1453000
358788674,New Vision Baptist Church,-81.1582000,32.0355000
358788967,Our Lady of Lourdes Church,-81.1581000,32.1424000
358781332,Groves High School,-81.1577733,32.1071891
358784553,Saint Francis Cabrini Catholic School,-81.1571040,31.9885900
358788910,Garden City United Methodist Church,-81.1568000,32.1120000
7873314603,,-81.1567410,32.1645533
358684489,Drakies Bluff,-81.1562237,32.1782575
358704672,Sprague School,-81.1559457,32.1029831
358709003,Wildwood Church,-81.1559454,32.0449302
6633154442,,-81.1553800,31.9969308
358788829,Trinity Lutheran Church,-81.1546000,31.9808000
154106969,Chatham City,-81.1542789,32.1004833
154085135,Garden City,-81.1540013,32.1143715
154006963,Berkshire Woods,-81.1539993,31.9616006
8263373507,CVS Pharmacy,-81.1536642,31.9820911
154016971,Cedar Grove,-81.1534436,31.9604896
154186025,Coffee Bluff,-81.1531649,31.9368795
358787930,Garden City Post Office,-81.1520000,32.1057000
154386318,Coffee Bluff Plantation,-81.1517762,31.9438236
5732045757,AT&T,-81.1516787,31.9814925
358781282,,-81.1515012,32.0982612
358771712,Saint Catherines Island,-81.1514876,31.6568889
358788901,First Baptist Church,-81.1511000,32.1115000
6347270194,"George Sink, P.A. Injury Lawyers",-81.1510744,32.0718662
358788620,United House of Prayer,-81.1510000,32.0969000
358685259,Fairlawn Cemetery,-81.1506679,32.1307597
358788913,Good Shepherd Lutheran Church,-81.1504000,32.1207000
367915777,Savannah Wilshire - Windsor Water Pollution Control Plant,-81.1498000,31.9904000
8263373506,Walgreens,-81.1496074,31.9811801
358788990,Chapel In the Gardens Church,-81.1495000,32.1175000
154130350,Williamsburg Manor,-81.1492783,31.9932661
358763755,WCHY-AM (Savannah),-81.1484456,32.0907616
154209770,Rossignol Hill,-81.1484456,32.0954836
153891234,Lamarville,-81.1484454,32.0338198
154317637,Colonial Oaks,-81.1484437,31.9621563
367912838,Garden City Municipal Court,-81.1483000,32.1170000
7755359953,,-81.1479971,32.0415119
7755359946,,-81.1469006,32.0412169
358789113,Zion Fair Missionary Church,-81.1467000,32.1006000
154116498,Tranquilla Woods,-81.1465002,31.9843777
7745674106,TownePlace Suites Savannah Midtown,-81.1463546,31.9793538
154043498,Mount Pleasant,-81.1462209,31.9474347
7755359947,,-81.1461264,32.0426796
7755359952,,-81.1459204,32.0458496
7755359949,,-81.1458821,32.0446254
358687739,Hog Marsh Island,-81.1456680,32.1763132
358688585,Ursla Island,-81.1453904,32.1982567
358697371,Onslow Island,-81.1453903,32.1624249
154110030,Woodville,-81.1453901,32.0918727
154185964,Mount Herman,-81.1453879,31.9535456
7755359948,,-81.1453387,32.0435615
1248472320,Relax Inn,-81.1453254,31.9801098
358781454,Windsor Forest Elementary School,-81.1450744,31.9746634
7755359951,,-81.1448886,32.0462824
7755359950,,-81.1448618,32.0447532
358714663,South End Field,-81.1445466,31.7643869
358781432,Scott Alternative Learning Center,-81.1438904,32.0928619
5731449460,Hobby Lobby,-81.1432100,31.9822965
358787827,Burkhalter Baptist Church,-81.1430000,32.0021000
358786865,Urban Christian Academy,-81.1428158,32.0433977
153945070,Wilshire,-81.1415004,31.9877110
358711329,Bear Island,-81.1412165,31.8404949
358781392,Woodville - Tompkins Career and Technical Institute,-81.1410104,32.0948079
358710190,Largo - Tibet Elementary School,-81.1405774,31.9930616
358788229,Kingdom Hall of Jehovahs Witnesses West Congregation,-81.1405000,32.0532000
358781370,Savannah Country Day School,-81.1404825,31.9686147
358788818,Taylor African Methodist Episcopal Church,-81.1402000,32.0875000
358788750,Southside Assembly of God Church,-81.1394000,31.9914000
358788256,Little Bryan Baptist Church,-81.1387000,32.0897000
358788263,Live Oak Community Church,-81.1385000,32.0014000
358787855,Church of Christ of Liberty City,-81.1379987,32.0393284
154011420,Tremont Park,-81.1378899,32.0599299
154025361,Leedsgate,-81.1378895,31.9940997
358788245,Kingdom Living Church,-81.1378000,31.9918000
358787990,Savannah Square Health Center,-81.1376140,31.9974648
154090771,Liberty City,-81.1376121,32.0477083
358781305,Nicholsonville Baptist Church,-81.1376103,31.9585456
154029533,Nicholsonville,-81.1376103,31.9593790
358788201,Holy Jerusalem Church,-81.1375000,32.0908000
358781346,Saint Johns Church,-81.1367787,32.0413197
358788013,PruittHealth - Savannah,-81.1366000,31.9672000
358788099,First African Baptist Church,-81.1365050,32.0882360
358788712,Savannah Primitive Baptist Church,-81.1365000,31.9902000
2776546568,,-81.1363430,32.0732000
6964231127,Culver's,-81.1362647,32.0011023
153860803,Welwood,-81.1362218,31.9693786
358714123,Queen Bess Island,-81.1362158,31.8260512
358789110,Word First Christian Church,-81.1355000,32.0879000
358787980,"J.C. Lewis, Jr. US Post Office",-81.1352000,31.9810000
358701416,Rose Dhu Island,-81.1337201,31.9279915
358710178,Fort Hammock,-81.1337198,31.9210473
4611723164,York Street Deli Restaurant & Catering,-81.1334939,32.0545571
358680950,Black Hammock,-81.1333677,31.6627920
154328590,Richfield,-81.1326121,32.0410420
154160208,Windsor Forest,-81.1323332,31.9766006
358789084,White Bluff United Methodist Church,-81.1322000,31.9788000
358789103,Windsor Forest Baptist Church,-81.1321000,31.9701000
358710183,Pine Hammock,-81.1317754,31.9232696
358689550,Kings Island,-81.1315011,32.1221493
67148320,Live Oak Public Library System Forest City Branch,-81.1314970,32.0756000
358788272,Magwood Memorial Christian Methodist Episcopal Church,-81.1312000,32.0482000
5315598001,Walmart Neighborhood Market,-81.1310097,31.9837374
358787435,Owens Temple First Church,-81.1309000,32.0502000
6355338658,,-81.1306994,32.0309168
4319218605,J.C. Lewis Ford,-81.1304822,31.9931701
154335744,Ogeecheeton,-81.1303899,32.0599301
358788652,Mount Zion United Methodist Church,-81.1299000,32.0579000
4427842795,Hop-In,-81.1296027,32.0907021
358781085,Berean Chapel,-81.1295565,32.0510416
154209653,Buckhead,-81.1295478,31.7938305
358788641,Mount Bethel Missionary Baptist Church,-81.1294000,32.0571000
358787441,Richfield Missionary Baptist Church,-81.1293000,32.0421000
358787479,White Bluff Presbyterian Church,-81.1291000,31.9857000
153934755,White Bluff,-81.1287226,31.9877113
358713920,Pine Islands,-81.1287153,31.8135519
7707506840,,-81.1285489,31.9934684
358784574,Jasper Spring,-81.1280061,32.0896460
358679599,Argyle Island,-81.1278901,32.1760356
358781075,Bartow Elementary School,-81.1274333,32.0857778
154083881,Southover,-81.1270565,32.0468753
358787486,Zion White Bluff Baptist Church,-81.1266000,31.9852000
154046266,Union Junction,-81.1265010,32.0502084
7503753939,Tru,-81.1264066,32.0000455
358789063,United House of Prayer For All People,-81.1263000,32.0901000
358787939,Hunter Aaf Branch Post Office,-81.1261000,32.0184000
367912708,Coastal Georgia Comprehensive Academy,-81.1261000,32.0627000
1554845078,Best Buy,-81.1252784,32.0032308
358788166,Friendship Baptist Church,-81.1247000,32.0931000
358781079,Bartow Park,-81.1245565,32.0865956
1554845083,Office Store,-81.1243414,32.0044476
154077745,Oakhurst,-81.1240007,31.9954890
358784508,Southwest Middle School,-81.1240000,32.0570000
358788233,Jerusalem Baptist Church,-81.1239000,32.0365000
1554845082,Men's Wearhouse,-81.1238932,32.0034506
358781192,Haven Elementary School,-81.1238783,32.0347355
368996536,Goose Pond,-81.1228799,31.7660541
5985589425,Tatemville Community Center,-81.1228782,32.0393524
5860677402,It's Amazing Beauty,-81.1227772,31.9989141
358788665,New Jerusalem Pentecostal Church,-81.1226476,32.0735752
4660248036,IP-Savannah,-81.1223290,32.0969500
358789037,Jerusalem Baptist Church,-81.1223000,32.0875000
154007243,Montgomery,-81.1220539,31.9404913
4497802803,,-81.1216714,32.0281466
367913767,Live Oak Public Library System Forest City Branch,-81.1214000,32.0643000
358788772,Saint James Baptist Church,-81.1211000,32.0843000
5354351424,Starship Enterprises,-81.1210691,32.0003177
358700164,Queen Mary Island,-81.1206602,31.8268850
358788896,Warren Grove Apostolic Church,-81.1205000,32.0745000
358788688,Resurrection of Our Lord Church,-81.1204000,32.0880000
153893194,Staley Heights,-81.1203899,32.0329872
154350573,Carver Village,-81.1203899,32.0707632
154104764,Clearview,-81.1203899,32.0913177
67032721,Live Oak Public Library System Oglethorpe Mall Branch,-81.1203364,32.0020609
154300522,Vernonburg,-81.1201106,31.9657681
6329204676,Golden Corral,-81.1199259,32.0030763
358787312,New Mount Zion Baptist Church,-81.1197000,32.0842000
6329192895,LongHorn Steakhouse,-81.1196332,32.0044732
358788189,Grace Full Gospel Church,-81.1193000,32.0915000
6329204674,Sears,-81.1186963,32.0030480
6329192894,Sleep Number,-81.1186167,32.0048571
358786878,West Side Academy,-81.1183823,32.0487737
6329192897,World Market,-81.1183798,32.0062088
358710949,DeRenne Middle School,-81.1182126,32.0458369
358787858,Church of God,-81.1182000,32.0742000
358788837,Union Branch Baptist Church,-81.1181000,32.0471000
8039405337,Country Inn & Suites,-81.1180814,32.0075933
358788179,Goodwill Baptist Church,-81.1178000,32.0717000
358788729,Second Saint Johns Baptist Church,-81.1177000,32.0836000
6329204669,Portrait Innovations,-81.1176779,32.0037625
358708531,West Savannah School,-81.1176121,32.0854847
67070981,,-81.1174811,32.0154814
6329204670,Macy's,-81.1172664,32.0011463
358788798,Saint Peters African Methodist Episcoal Church,-81.1172000,32.0347000
358788850,United House of Prayer For All People,-81.1171000,32.0560000
358788835,True Gospel Tabernacle Church,-81.1171000,32.0814000
5428970721,Oglethorpe Mall,-81.1170727,32.0025677
6329192898,Moe's Southwest Grill,-81.1169055,32.0061504
358788821,Townsley Chapel African Methodist Episcopal Church,-81.1168000,32.0825000
358687198,Haven Home School,-81.1167785,31.9963224
6329192900,Barnes & Noble,-81.1166684,32.0042508
154282407,Chippewa Terrace,-81.1162231,31.9988223
358789051,Temple of Glory Community Church,-81.1160000,32.0703000
5986176348,Life Storage,-81.1155955,32.0328840
6329204677,JCPenney,-81.1154685,32.0018760
154297474,Rivers End,-81.1153893,31.9868785
358685952,Petit Gauke Hammock Island,-81.1153863,31.9174369
6329204679,Savannah Tire,-81.1150675,32.0059682
358788144,First Nazareth Missionary Baptist Church,-81.1149000,32.0548000
4973907426,West Marine,-81.1148680,32.0076638
153918212,Tatumsville,-81.1148343,32.0374316
358787305,Macedonia Fire Baptized Holiness Church,-81.1147047,32.0813294
358788240,Jonesville Baptist Church,-81.1147000,32.0335000
6329204678,Wendy's,-81.1144378,32.0053303
7719817139,,-81.1143079,32.0023996
358788211,Immanuel Baptist Church,-81.1143000,32.0005000
358787783,Agape Church of Jesus Christ,-81.1143000,32.0836000
358787457,Saint Marys Baptist Church,-81.1143000,32.0852000
358781416,Thompson Recreation Center,-81.1142787,32.0590972
1784725692,,-81.1140196,32.0033892
358788284,Millers Temple Johnson Center,-81.1136000,32.0585000
358788847,United House of Prayer,-81.1135000,32.0353000
358788814,Stout Chapel Christian Methodist Episcopal Church,-81.1135000,32.0841000
358787059,Coastal Georgia Academy,-81.1134754,32.0667397
5795391222,South Shore Roofing,-81.1131884,32.0183821
358788113,First Beaulah Baptist Church,-81.1129000,31.9443000
154179761,Beaulieu,-81.1128870,31.9327141
5601100521,Marshalls,-81.1128199,32.0073073
411407151,Agudath Achim Synagogue,-81.1128046,32.0195632
358788662,New Hope Apostolic Holiness Church,-81.1127932,32.0432284
358789119,Zion Hill Missionary Baptist Church,-81.1125000,32.0847000
5998164879,Laurel Grove South Cemetery,-81.1123681,32.0630501
154137968,Middle Place,-81.1120480,31.8016085
5178771868,Southbound Brewing Company,-81.1117910,32.0869970
154397146,Lynhurst,-81.1115006,31.9924338
358788832,True Gospel Deliverance Center,-81.1115000,32.0612000
5601100724,Dick's Sporting Goods,-81.1112879,32.0060965
358763774,WIZA-AM (Savannah),-81.1112232,32.0702078
153925406,Rose Hill,-81.1112227,31.9896562
5178771871,Great Dane,-81.1109625,32.0865280
3684294559,,-81.1107613,32.0226578
153875246,Burnside,-81.1106652,31.9441026
358788294,Prayer Temple Church of God in Christ,-81.1105000,32.0549000
358781295,Myers Park,-81.1101121,32.0540975
358788276,Memorial Baptist Church,-81.1101000,32.0144000
358788811,Saint Thomas African Methodist Episcopal Church,-81.1101000,32.0500000
358788779,Saint Marks Baptist Church,-81.1100000,32.0786000
7947218452,,-81.1098260,32.0474489
5985588156,,-81.1097532,32.0466379
7964774079,Twelve Oaks Sign,-81.1096541,32.0237720
358788844,United House of Prayer,-81.1096000,32.0622000
154359386,Halcyon Bluff,-81.1092778,31.9799344
358786922,Emmanuel Christian School,-81.1091943,32.0395025
7155051468,,-81.1091572,32.0483893
358788175,Glorify Miracle Deliverance Church,-81.1091000,32.0783000
358784512,Chatham Academy,-81.1088584,32.0019689
7888658012,,-81.1088046,32.0232286
358788706,Savannah Church of God,-81.1088000,32.0515000
358787830,Butler Presbyterian Church,-81.1087296,32.0540311
7799408534,Advantage Infusions,-81.1085448,32.0120221
7888657930,,-81.1084496,32.0240441
411405536,B'nai B'rith Jacob Synagogue,-81.1083156,32.0262290
358786952,Savannah Kempo,-81.1082346,32.0301091
358788082,Faith Community Christian Methodist Episcopal Church,-81.1082000,32.0503000
358781167,Florence Elementary School,-81.1081578,32.0614968
368995093,Egret Pond,-81.1076034,31.7985532
358788980,Abyssinia Baptist Church,-81.1075320,32.0629414
154022030,Groveland,-81.1073343,32.0252102
368995642,Pine Barren Pond,-81.1073263,31.8138303
358787865,The Church of Jesus Christ of Latter-day Saints,-81.1073000,31.9940000
5683233029,,-81.1072878,32.0518832
5856544446,Statewide Healthcare Inc,-81.1072504,32.0027595
7155051462,,-81.1071008,32.0504257
153934147,Habersham Woods,-81.1070565,32.0196548
153998775,Abercorn Heights,-81.1067787,32.0327098
4960227121,,-81.1064095,32.0487227
7121629113,,-81.1062284,32.0789098
358682147,Cane Patch Island,-81.1062162,31.8382738
358781318,Ossabaw Island State Heritage Preserve,-81.1062147,31.8029975
358789044,Living Waters Assembly of God Church,-81.1061000,31.9903000
5998230186,StoryBook Creationz,-81.1060488,32.0299398
367915098,Savannah College of Art and Design Savannah Campus Boundary Hall,-81.1056839,32.0733960
358683728,Cresthill Church,-81.1056665,31.9752125
7121629098,,-81.1055533,32.0795159
358789019,First Jerusalem Missionary Church,-81.1055474,32.0513967
358787790,Ardsley Park Baptist Church,-81.1055000,32.0428000
358788777,Saint Lukes Baptist Church,-81.1055000,32.0578000
358789025,Gaines Chapel African Methodist Episcopal Church,-81.1053000,32.0675000
358788774,Saint Luke United Methodist Church,-81.1052000,31.9796000
7926468727,,-81.1051384,32.0526406
7217996208,,-81.1050972,32.0756967
358788138,First Mount Sinai Baptist Church,-81.1050000,32.0625000
358710154,Hesse Elementary School,-81.1048545,31.9783237
4711180676,,-81.1048381,32.0788303
2546378049,,-81.1047304,31.9995116
7121629118,,-81.1046332,32.0798715
367913749,Live Oak Public Library System Kayton Branch,-81.1046000,32.0697000
358781411,Thirty-eight Street Elementary School,-81.1043067,32.0570917
4586517317,"GrassMaster Lawn Care, Inc.",-81.1042303,32.0011934
7907429196,,-81.1042055,32.0514855
358787849,Christ Memorial Baptist Church,-81.1042000,32.0496000
358788783,Saint Matthews Episcopal Church,-81.1042000,32.0638000
358788699,Sanctuary of Savannah Church,-81.1041000,31.9828000
7237577540,,-81.1039571,32.0784240
7116131651,Amazon Locker - Dominga,-81.1038080,32.0793260
7900551152,,-81.1037907,32.0524285
153851811,Grove Park,-81.1037230,31.9957673
358781428,Heard Elementary School,-81.1036600,32.0180118
153890786,Lamara Heights,-81.1034454,32.0335431
358679475,Antioch Church,-81.1034453,31.9977116
358784535,Garrison Elementary School,-81.1032573,32.0737988
358788092,Ferguson Avenue Baptist Church,-81.1032000,31.9524000
368995696,Rice Pond,-81.1031588,31.7949424
358788089,Fellowship Baptist Church,-81.1029000,31.9873000
358788668,New Salem Community Fellowship Church,-81.1029000,32.0549000
358788709,Savannah Deliverance Center,-81.1029000,32.0571000
358743626,Hutchinson Island,-81.1028898,32.0982621
3698948064,Savannah Children's Museum,-81.1026696,32.0753279
5502284524,Bulk Carriers Terminal,-81.1026677,32.0895340
7118773117,Amigos,-81.1026561,32.0782201
7910198031,,-81.1026005,32.0522038
358788826,Tremont Temple Baptist Church,-81.1024000,32.0659000
7706607950,Stoner셲 Pizza,-81.1023716,32.0792639
358787817,Bolton Street Baptist Church,-81.1023000,32.0680000
410995888,Nancy N. and J.C. Lewis Cancer Center & Research Pavilion,-81.1021598,32.0283695
5173806462,,-81.1020828,32.0832102
7799378327,Two Tides Brewing Company,-81.1020807,32.0541622
358679595,Ardsley Park,-81.1020565,32.0460425
5173806441,,-81.1020169,32.0844168
6448822051,,-81.1017873,32.0645614
154306599,Kensington Park,-81.1017787,32.0235437
358787839,Central Church of Christ,-81.1017000,32.0110000
358788762,Saint Andrews Church,-81.1016000,32.0126000
358788741,Soul Saving Station Church,-81.1015000,32.0553000
358788804,Saint Philip African Methodist Episcopal Church,-81.1015000,32.0702000
358788789,Saint Paul Christian Methodist Episcopal Church,-81.1014000,32.0613000
6448665923,,-81.1013242,32.0576969
4319219623,J.C. Lewis Primary Health Vision Center,-81.1011260,32.0802030
358788286,Palen United Methodist Church,-81.1010112,32.0563691
358704289,J G Smith Elementary School,-81.1009825,32.0365335
5173811000,,-81.1009580,32.0867527
3686328893,,-81.1007425,32.0759120
358701829,Saint James Church,-81.1006672,31.9918787
154170712,Highland Park,-81.1003899,32.0096555
153916325,Oakdale,-81.1003899,32.0179885
7680968619,,-81.1003059,32.0705790
358788142,First Mount Bethel Baptist Church,-81.1002000,32.0632000
5173806430,"Joe Murray Rivers, Jr. Intermodal Transit Center",-81.1001234,32.0792901
5451939882,Enmark,-81.1001097,32.0737302
358788249,Korean Presbyterian Church,-81.1000941,32.0115699
7745492374,Residence Inn Savannah Downtown/Historic District,-81.1000564,32.0750090
4482597274,Gingerbread House,-81.1000235,32.0582336
1435023788,Ralph Mark Gilbert Civil Rights Museum,-81.0999830,32.0720919
3695946074,Embassy Suites,-81.0999035,32.0781873
358788993,Christian Revival Center,-81.0999000,32.0574000
154104600,Kings Wood,-81.0998333,31.9779904
367914514,Chatham County Building Safety and Regulatory Services,-81.0997830,32.0056240
358788151,First Saint Peters Baptist Church,-81.0997101,32.0690300
2590712543,Savannah fire Station 5,-81.0996850,32.0608265
7157352882,,-81.0993934,32.0592285
358781148,Draughton Junior College,-81.0990009,32.0649305
7281539727,Silence is Golden,-81.0988658,32.0772300
6448761819,Elizabeth at 37th,-81.0988467,32.0564336
358788792,Saint Pauls Evengelical Lutheran Church,-81.0988000,32.0621000
358789022,First Tabernacle Baptist Church,-81.0988000,32.0718000
154063624,Vernon View,-81.0987201,31.9288258
358789048,Temple Baptist Church,-81.0987000,32.0109000
4482598858,Nonfiction Gallery,-81.0986116,32.0610480
154002071,Ridgewood,-81.0984454,32.0335433
358789032,Grace United Methodist Church,-81.0984000,32.0119000
3695959349,,-81.0983465,32.0790213
358788147,First New Light Baptist Church,-81.0982000,32.0697000
5173811019,,-81.0981693,32.0901955
367915012,Savannah College of Art and Design Savannah Campus Bergen Hall,-81.0979000,32.0804000
358781380,Savannah Victorian Historic District,-81.0978898,32.0635417
5829988783,Savannah Dental Group,-81.0978577,32.0264439
4482518425,Wesley Community Center,-81.0978572,32.0605460
4482518423,BellSouth,-81.0978290,32.0627091
5737691821,Savannah neurology specialists,-81.0977608,32.0103953
5998106285,Kicklighter Resource Center,-81.0975985,32.0038329
358781118,Ellis Elementary School,-81.0974641,32.0467756
367915092,Savannah College of Art and Design Savannah Campus Pepe Hall,-81.0974000,32.0725000
5173810992,,-81.0973754,32.0911551
5451467052,Brighter Days Natural Foods,-81.0971436,32.0647013
358783775,Flame of Freedom,-81.0969424,32.0790819
6448414751,Lulu's Chocolate Bar,-81.0969270,32.0807364
358787852,First Church of Christ Scientist,-81.0969000,32.0510000
367915237,Hodgson Hall,-81.0967786,32.0702081
5182279456,BP,-81.0967481,32.0825995
5173811006,,-81.0967188,32.0919409
973823808,,-81.0966258,32.0683272
358781251,Kicklighter School,-81.0965010,32.0035449
7157334746,,-81.0965010,32.0565057
358781354,Saint Pauls Episcopal Church,-81.0965009,32.0585420
3698964602,,-81.0963478,32.0672495
2187588380,Zia Boutique,-81.0961221,32.0798780
5173810999,,-81.0960938,32.0927062
154048895,Fairway Oaks,-81.0959454,32.0199329
5178393941,Franklin Square,-81.0959100,32.0809806
5458065967,Charleston Shoe Co.,-81.0958781,32.0831354
367915572,The Mercer Williams House Museum,-81.0958095,32.0714982
358787794,Asbury United Methodist Church,-81.0957000,32.0633000
3690645049,Pete Liakakis Government Building,-81.0956798,32.0779773
4482518422,,-81.0955891,32.0692363
4571700115,Armstrong House,-81.0954436,32.0706124
5178407890,Orleans Square,-81.0954217,32.0764132
5173812326,,-81.0953517,32.0935935
358781398,Telfair Academy of Arts and Sciences,-81.0953488,32.0788018
6564087985,Broughton Market #3,-81.0953013,32.0822034
358788217,Israelite Baptist Church,-81.0952000,32.0611000
3371451903,McDonald's,-81.0951599,32.0799307
3975242819,,-81.0951473,32.0406628
357087687,Pennyworth Island,-81.0948342,32.1079840
5178407034,Monterey Square,-81.0948102,32.0713052
5173811013,,-81.0946433,32.0944770
367915085,SCAD Lai Wa Hall,-81.0946416,32.0681101
1435024096,Green-Meldrim House,-81.0946213,32.0738943
358713783,Ossabaw Island,-81.0945479,31.8010534
5109457530,The Bar Bar,-81.0945141,32.0805894
5110241121,Mata Hari's Speakeasy,-81.0944662,32.0826063
358788042,Signature HealthCARE of Savannah,-81.0943309,32.0321247
154094917,Mayfair,-81.0942784,31.9929899
367915091,Savannah College of Art and Design Savannah Campus Morris Hall,-81.0942000,32.0726000
5460823442,Mellow Mushroom,-81.0940733,32.0746435
5173811015,,-81.0940728,32.0951896
973824491,Candler Hospital,-81.0940520,32.0690230
154376974,Bethesda,-81.0939994,31.9632690
358783770,Telfair Square Post Office,-81.0939769,32.0788200
7713460858,U.S. Coast Guard - Marine Safety Unit Savanah,-81.0939693,32.0775988
358788134,First Friendship Baptist Church,-81.0939000,32.0561000
4026295790,Kitchens on the Square,-81.0938630,32.0799410
358787959,Oglethorpe Station Post Office,-81.0937000,32.0056000
7157122071,,-81.0936137,32.0614328
5173811016,,-81.0934245,32.0959060
1544379877,Heiwas,-81.0934023,32.0811718
1474146065,E.Shaver Bookshop,-81.0933566,32.0736491
358788744,South Gardens Baptist Church,-81.0933000,32.0273000
3372910039,Chart House,-81.0932962,32.0822712
367912663,Juliette Gordon Low Girl Scout National Center,-81.0931675,32.0749301
4021872092,The Coffee Fox,-81.0931230,32.0794280
3570095894,"Keys Hall, Savannah College of Art and Design",-81.0930941,32.0688899
358781376,Savannah Post Office,-81.0929158,32.0779883
358789069,Victory Bible Fellowship Church,-81.0929000,32.0549000
358788697,Salvation Temple Holiness Church,-81.0929000,32.0582000
3696222528,,-81.0928990,32.0803219
358764457,WEAS-FM (Savannah),-81.0928898,32.0871517
3374421626,The Collins Quarter,-81.0927836,32.0771632
358788125,First Ebenezer Baptist Church,-81.0927000,32.0603000
3376087180,,-81.0925968,32.0661741
1435023779,Andrew Low House Museum,-81.0924916,32.0729715
1435023594,Massie Heritage Center,-81.0924487,32.0702555
3372910438,Rocks on the Roof,-81.0923796,32.0817927
154144106,Pin Point,-81.0923322,31.9532694
4021921689,Flying Monk Noodle Bar,-81.0923220,32.0788780
358682692,Chatham County Junior High School,-81.0922986,32.0763131
358788173,Genesis New Life Apostolic Church,-81.0921000,32.0568000
367915273,Bethesda Home for Boys,-81.0920547,31.9585469
2977715033,Clary's Cafe,-81.0920490,32.0716660
5448718064,Wolf Gang Bakery,-81.0919798,32.0749636
5182279468,Churchill's Gastropub & Taphouse,-81.0919615,32.0809941
4483939756,,-81.0919074,32.0800158
3374461739,Cora Bett Thomas Realty,-81.0917920,32.0774154
5448718063,Mirabelle,-81.0916514,32.0736029
5742931653,The Mat챕 Factor,-81.0916237,32.0670364
358784505,Bethesda Home For Boys School,-81.0916000,31.9593000
358788204,Holy Spirit Lutheran Church,-81.0916000,32.0552000
358781066,Ardsley Park-Chatham Crescent Historic District,-81.0915009,32.0496537
367913636,Carnegie Library,-81.0915009,32.0607643
358787800,Beth Eden Baptist Church,-81.0914000,32.0703000
1435023653,Flannery O섴onnor Home Museum,-81.0913705,32.0723579
358788149,First Presbyterian Church,-81.0913000,32.0469000
3372910439,Savannah Bee Company,-81.0912613,32.0816652
358695281,New Guinea Cemetery,-81.0912228,31.9910456
2186774474,The Mirage,-81.0911648,32.0789158
358788747,South Gardens Christian Church,-81.0910000,32.0272000
2186328634,Anonymous Tattoo,-81.0907363,32.0805836
154391428,Fairfield,-81.0906675,32.0327102
358681853,Burnside Island,-81.0906647,31.9327147
358788646,Mount Tabor Baptist Church,-81.0906000,32.0612000
5985596839,Integrity auto repair,-81.0904041,32.0349960
2186328839,Vics on the River,-81.0903278,32.0813657
367915656,City of Savannah Wastewater Convergence Management,-81.0903000,32.0078000
3377475953,Rivers & Glen Trading Co.,-81.0902956,32.0797267
5502279804,,-81.0902730,31.9520564
5110241221,Savannah Taphouse,-81.0901943,32.0783369
973828578,Bench,-81.0901827,32.0775154
358787812,Beulah Baptist Church,-81.0901000,32.0601000
3697292486,,-81.0899822,32.0743964
6325555157,,-81.0899624,32.0309556
1435023781,King-Tisdell Cottage,-81.0898282,32.0677689
5173764131,Old City Exchange Bell,-81.0896928,32.0806914
5448590558,Fox And Fig,-81.0896449,32.0728876
358710164,Victory Church,-81.0895560,31.9896568
358788686,Restoration Praise and Worship Church,-81.0894000,32.0382000
358787880,Dunham Tabernacle Baptist Church,-81.0893000,32.0669000
367912676,Beach Institute,-81.0892786,32.0702083
367914445,Lucas Theatre,-81.0892786,32.0788189
358787482,Whitefield United Methodist Church,-81.0892000,32.0395000
358788236,Jerusalem Tabernacle Apostolic Church,-81.0892000,32.0527000
6325518443,Memorial Fountain,-81.0889653,32.0311500
4878436230,Gutstein Gallery,-81.0889230,32.0779864
367915043,King-Tisdell Foundation Building,-81.0888881,32.0679282
5178773358,Savannah Metropolitan Police Department Headquarters,-81.0888490,32.0754703
358781472,Yamacraw Bluff,-81.0886732,32.0811505
358788127,First Evergreen Baptist Church,-81.0885000,32.0645000
358698265,Pigeon Island,-81.0884429,31.9424366
368995508,North Field,-81.0884379,31.8285525
358788770,Saint James African Methodist Episcopal Church,-81.0884000,32.0663000
358788765,Saint Benedict the Moor Church,-81.0883000,32.0695000
358781238,John S Wilder Middle School,-81.0881676,32.0285438
358788192,Green Grove Baptist Church,-81.0881000,32.0635000
367915565,Davenport House Museum,-81.0880284,32.0772989
5178388389,The Georgia Hussars,-81.0879899,32.0802148
154151235,Rio Vista,-81.0878868,31.9293816
154317569,Edgemere,-81.0876120,32.0393766
358787777,Fiftieth Street Church of Christ,-81.0876000,32.0428000
4835996773,,-81.0875694,32.0585665
1474142329,Brasserie,-81.0875630,32.0730491
411405532,Georgia Eye Institute,-81.0874330,32.0315409
358789028,Grace and Truth House of Prayer,-81.0874000,32.0540000
154106326,Cresthill,-81.0873338,31.9899346
5178393927,Warren Square,-81.0872369,32.0787843
2770466550,B. Mathew셲 Eatery,-81.0871010,32.0796740
7616947185,the5Spot,-81.0870412,32.0770368
3377444182,The Shrimp Factory,-81.0869647,32.0805982
358788786,Saint Michael and All Angels Episcopal Church,-81.0869000,32.0450000
358788643,Mount Hermon Baptist Church,-81.0869000,32.0633000
358787878,Delesseps Avenue Baptist Church,-81.0868000,32.0357000
358784541,East Broad Elementary School,-81.0862701,32.0708356
358784532,Blessed Sacrament Catholic School,-81.0862000,32.0478000
1434742887,Trade Center Landing,-81.0861765,32.0833213
2706956028,The Spanish Moss Inn,-81.0861490,32.0793990
358788719,Second Bryan Baptist Church,-81.0860000,32.0629000
358789041,Life Bridge Inner City Church,-81.0860000,32.0754000
3377444166,One Eyed Lizzy's,-81.0859444,32.0803381
367915015,Savannah College of Art and Design Savannah Campus Norris Hall,-81.0851000,32.0773000
358789009,Faith Full Gospel Deliverance Church,-81.0850000,32.0497000
3746794009,,-81.0849331,32.0474981
5182291855,Starbucks,-81.0849250,32.0832103
5173685816,Old Harbor Light,-81.0842623,32.0793110
358788182,Gospel Temple Church of God,-81.0841000,32.0583000
973833295,,-81.0840886,32.0783284
358788208,Holy Zion Holiness Church,-81.0835000,32.0546000
4573285697,L & J's Unforgettable Gifts And Decor,-81.0834641,32.0623087
154008768,Cedar Hammock,-81.0834443,31.9749354
368995983,Willows Pond,-81.0831577,31.7729995
358781207,H. V. Jenkins High School,-81.0829082,32.0224784
358788672,New Shiloh Baptist Church,-81.0828000,32.0763000
3975239183,,-81.0827227,32.0469214
154111094,Magnolia Park,-81.0826121,32.0188222
153898789,Robert M Hitch Village,-81.0826120,32.0732638
358684998,Egg Islands,-81.0826051,31.8402188
358787833,Central Baptist Church,-81.0820452,32.0739537
1434742796,Waving Girl Landing,-81.0818185,32.0793837
358710173,Bacon Park,-81.0817785,31.9966012
154110328,Burnside View,-81.0817755,31.9271596
358686441,Green Island,-81.0817742,31.8977165
1607001044,,-81.0815578,32.0070093
5998242415,Juliette Low Elementary School,-81.0814621,32.0250402
6100126948,Bacon Park Recreation Center,-81.0813809,32.0118881
6093076040,Bacon Park Pool,-81.0813137,32.0148239
154286975,Forrest Hills,-81.0812232,32.0221554
358781335,Romana Riley Elementary School,-81.0812231,32.0582647
154008249,Daffin Heights,-81.0809453,32.0285440
358787471,Saint Thomas Baptist Church,-81.0808036,32.0606572
358788195,Happy Home Baptist Church,-81.0808000,32.0629000
367913781,Live Oak Public Library System Hitch Branch,-81.0808000,32.0721000
358687165,Harry Hammock,-81.0806587,31.7963318
358781174,Forrest Hills Park,-81.0803899,32.0243776
5910751770,Team Savannah Weightlifting,-81.0802302,31.9930802
154086579,Spring Hill,-81.0798342,32.0313216
358788096,Fifth Street Baptist Church,-81.0797960,32.0674000
358787821,Brownsville Baptist Church,-81.0797000,32.0515000
358787468,Saint Paul Missionary Baptist Church,-81.0796000,32.0641000
358763779,WSGA-AM (Savannah),-81.0795564,32.0718751
153977316,Shirley Park,-81.0792787,32.0240998
3937076080,,-81.0792698,32.0459561
358690960,Macedona Church,-81.0790006,31.9902126
358789076,Washington Avenue Christian Church,-81.0784000,32.0422000
358787873,Daniel Holiness Church,-81.0784000,32.0626000
358788086,Faith Primitive Baptist Church,-81.0782000,32.0411000
358788683,Radiant Life Christian Fellowship Church,-81.0779000,32.0148000
358788252,Labourers Into His Harvest Church,-81.0778000,32.0018000
358788010,Azalealand Nursing Home,-81.0777000,32.0157000
358788716,Second Arnold Baptist Church,-81.0772000,32.0507000
3937093132,,-81.0770438,32.0440258
358788759,Speedwell United Methodist Church,-81.0770000,31.9904000
2580137014,Riverfront Park,-81.0764263,32.0750909
358787837,Central Christian Church,-81.0764000,32.0028000
358763769,WSOK-AM (Savannah),-81.0762231,32.0724306
153831301,Sandfly,-81.0762227,31.9896571
358787867,Cokesbury United Methodist Church,-81.0762000,32.0188000
358788752,Southside Baptist Church,-81.0756000,32.0171000
154028581,Oakland Park,-81.0753898,32.0349327
358788123,First Corinthian Baptist Church,-81.0751000,32.0612000
154038211,Barian Terrace,-81.0748343,32.0146560
6100273999,Parker's,-81.0746858,32.0196452
154204861,Brookview,-81.0742787,32.0043788
358788131,First Free Will Baptist Church,-81.0738000,32.0213000
5109457529,Driftaway Cafe,-81.0734931,31.9852150
358683546,Country Side,-81.0734454,32.0107674
154113585,Fleetwood,-81.0731675,32.0313218
6100273998,Food Lion,-81.0730701,32.0194713
367913059,Southside Fire Department Headquarters,-81.0728000,31.9866000
5457475328,Zo챘s Kitchen,-81.0724479,32.0440137
358697146,Old Church Cemetery,-81.0723336,31.9849353
358788816,Tabernacle Baptist Church,-81.0723000,32.0355000
154171615,Bakers Crossing,-81.0720559,31.9871574
358748596,Isle of Hope,-81.0718928,31.9659249
358688093,Horse Hammock,-81.0717711,31.8266086
358786938,Bible Baptist Day School,-81.0711325,32.0245769
154214912,DeRenne Terrace,-81.0706676,32.0152116
358787805,Bethel African Methodist Episcopal Church,-81.0703690,32.0485940
358781259,Myers Middle School,-81.0702305,32.0324047
5499028961,Jones Family Gravesite,-81.0685310,31.9597700
358789007,Evangelical Temple Full Gospel Church,-81.0685000,32.0114000
4572128565,Subway,-81.0681022,32.0444698
6784190476,,-81.0679641,32.0455428
358781121,Charles Holmes Herty Elementary School,-81.0678898,32.0535429
358781248,Juliette Low Park,-81.0678898,32.0574316
1605999013,,-81.0674761,32.0436505
358788659,New Covenant Seventh Day Church,-81.0674000,32.0196000
154187070,Harrock Hall,-81.0673341,31.9949350
5985598248,,-81.0673297,32.0462551
5499027113,,-81.0670504,31.9468366
4572131092,Kroger,-81.0668899,32.0451836
358787797,Believers In The Word Full Church,-81.0666000,32.0333000
154031347,Lakeside Park,-81.0665010,31.9985459
358788997,Christ's Community Church,-81.0665000,32.0590000
154355347,Gordonston,-81.0662231,32.0552096
358787004,Savannah Christian Preparatory School,-81.0660871,32.0184354
154133578,Bona Bella,-81.0659454,32.0141007
154323190,Sunset Park,-81.0659453,32.0349329
411405529,Tiger Arena,-81.0658809,32.0237767
5457320193,CVS Pharmacy,-81.0651598,32.0406349
358788106,First Assembly of God Church,-81.0651000,32.0498000
358789066,Unity Church of Savannah,-81.0643000,32.0330000
153959507,Fernwood,-81.0642786,32.0321553
154338344,Wymberly on the Marsh,-81.0642780,31.9846577
5459265570,Walgreens,-81.0641722,32.0401047
154036472,Parkwood,-81.0640009,32.0285444
3057776236,,-81.0639448,31.9321265
358787786,Aldersgate United Methodist Church,-81.0638000,32.0507000
153905516,Grimball Park,-81.0637229,31.9932685
585675274,Pearl's Salt Water Grill,-81.0636930,32.0006651
3057776154,,-81.0632582,31.9303759
2938259776,,-81.0629969,31.9522702
358690704,Long Island,-81.0628880,31.9566034
358788841,Union Mission Magdalene Church,-81.0623000,32.0196000
153936603,Victory Heights,-81.0617786,32.0421548
6022598952,,-81.0616884,32.0229557
153840413,Green Acres,-81.0615009,32.0454880
358781069,Avondale Park,-81.0615009,32.0513210
67128497,Wymberly,-81.0613242,31.9761605
358788260,Litway Baptist Church,-81.0612000,32.0352000
154283939,Savannah Gardens,-81.0609452,32.0613205
154391546,Isle of Hope,-81.0609446,31.9818802
154070935,Pine Gardens,-81.0601119,32.0663202
5985488681,The Savannah Cosmetology Hair Nail & Barber Institute,-81.0598666,32.0634018
154189943,Avon Park,-81.0598342,32.0557653
358781425,Victory Heights Park,-81.0590009,32.0446547
8267316638,,-81.0585101,31.9810025
2938259048,G,-81.0579537,31.9507891
2782946281,,-81.0579205,32.0706290
154004399,Camellia Terrace,-81.0576120,32.0399328
154168485,Avondale,-81.0576120,32.0529877
358710168,Saint Thomas Church,-81.0573336,31.9835468
358781227,Isle of Hope Historic District,-81.0573335,31.9816025
2938259028,I,-81.0568617,31.9495593
358709643,Wylly Island,-81.0567787,32.0043793
358764459,WHCJ-FM (Savannah),-81.0565010,32.0232672
2938260163,,-81.0564382,31.9555031
8267305253,,-81.0564094,31.9794006
358788103,First African Baptist Church,-81.0560710,32.0594890
5544897078,BP,-81.0557884,32.0357747
358787815,Bible Way Church,-81.0557000,32.0552000
2938256369,E,-81.0556279,31.9517226
8267565030,,-81.0554101,31.9764521
2938225972,C,-81.0545179,31.9512835
358788987,Bread of Life Church of God in Christ,-81.0543000,32.0529000
358789061,Thunderbolt Baptist Church,-81.0540000,32.0323000
358788656,Nativity of Our Lord Church,-81.0538000,32.0346000
3115999220,,-81.0534911,31.9593792
358685418,Fig Island,-81.0534451,32.0827083
367913652,Live Oak Public Library System Thunderbolt Branch,-81.0533000,32.0339000
2938260631,,-81.0532906,31.9567121
8095216853,,-81.0531593,31.9489775
358781418,Thunderbolt Elementary School,-81.0530294,32.0294068
2938255524,,-81.0530038,31.9498077
3115999333,16,-81.0529593,31.9602395
3115952328,,-81.0526383,31.9469390
3115999216,8,-81.0526126,31.9579684
358684629,East Savannah Cemetery,-81.0523341,32.0538211
368995074,Eleanor Pond,-81.0523253,31.7974437
3057776237,,-81.0522060,31.9321408
154068461,Parkersburg,-81.0520559,31.9846580
2938255447,,-81.0520040,31.9570042
4529451289,Bliss Salon,-81.0519148,32.0420483
8095253961,,-81.0514220,31.9517622
8095216897,,-81.0512162,31.9500951
3115999211,2,-81.0509484,31.9552707
3115999345,,-81.0509203,31.9619956
358788737,Skidaway Island Baptist Church,-81.0508000,31.9414000
8095253956,Skidaway Meadow,-81.0506613,31.9527227
3115999366,1,-81.0506302,31.9586884
358788691,Riverside Baptist Church,-81.0504000,32.0654000
8095216910,,-81.0503917,31.9506813
358685024,Whitney Elementary School (CLOSED),-81.0503889,32.0668381
5740158053,,-81.0502885,31.9895877
8095253950,,-81.0501428,31.9537236
154385232,Thunderbolt,-81.0498342,32.0335445
358681867,Burntpot Island,-81.0498331,31.9724364
3115986232,19,-81.0495401,31.9626906
8095253924,,-81.0495235,31.9510198
8095253931,,-81.0486609,31.9518901
3057775256,,-81.0484328,31.9097773
154316338,Skidaway Island,-81.0470536,31.9349381
3115999355,20,-81.0466675,31.9631861
411000074,Isle of Armstrong Boat Ramp,-81.0446278,32.0365248
367915272,Saint Thomas Boys Home,-81.0442783,31.9907692
358710256,Sylvan Island,-81.0428899,32.0196565
154119192,The Bluff,-81.0401119,32.0627097
153998787,Isle of Armstrong,-81.0395564,32.0377112
358767776,Barnwell Island,-81.0376117,32.0913192
242378202,Fort Jackson,-81.0361200,32.0821893
357114774,Barnwell Island,-81.0331672,32.0929859
358690514,Little Wassaw Island,-81.0326068,31.8810519
154148016,Marshwood at the Landings,-81.0314984,31.9399383
358684563,Dutch Island,-81.0312233,32.0060465
358704073,Skidaway Island,-81.0309432,31.9488268
5260724818,,-81.0307869,32.0654888
1607001073,,-81.0303875,31.9446603
5260724819,,-81.0290556,32.0657831
358743619,Causton Bluff,-81.0290007,32.0640988
358748505,Barnwell Island Number 2,-81.0267783,32.0949303
358710156,Wassaw National Wildlife Refuge,-81.0248289,31.8793856
368995713,Romerly Marshes,-81.0245525,31.9102176
358781311,Oatland Island Institute,-81.0244801,32.0490377
154399509,The Landings,-81.0242763,31.9446605
358710170,Skidaway Institute of Oceanography,-81.0216933,31.9883637
5628227132,,-81.0186794,32.0410441
358685537,Flora Hammock,-81.0178853,31.8974405
358698607,Pine Island,-81.0156619,31.8729972
358708892,Whitemarsh Island,-81.0142786,32.0327121
358763764,WBMQ-AM (Savannah),-81.0142784,32.0643769
358784546,Coastal Middle School,-81.0127407,32.0410905
154289861,Grays Subdivision,-81.0120563,32.0449336
154203090,Riverside,-81.0109452,32.0454892
358783601,Islands Church,-81.0105253,32.0423904
358784549,Marshpoint Elementary School,-81.0103821,32.0400488
154199947,Whitemarsh Island,-81.0100409,32.0364635
358704054,Sister Island,-81.0098335,31.9791040
5998136118,Islamd Libary,-81.0082089,32.0360147
358789087,Whitemarsh Island Baptist Church,-81.0082000,32.0343000
358784538,Islands High School,-81.0074247,32.0373229
4266669602,Publix Supermarket at Island Towne Center,-81.0069649,32.0417371
4266669605,Cato,-81.0057509,32.0418365
153953203,Turners Rock,-81.0053899,32.0132691
5655651521,,-81.0048164,32.0338166
4266669601,Walmart,-81.0033769,32.0422120
358696963,Oatland Island,-81.0009451,32.0585442
358770096,Elba Island,-81.0003893,32.0910422
154288697,Wilmington,-80.9970558,31.9818819
358789094,Wilmington Island Presbyterian Church,-80.9883000,32.0057000
154073955,Wilmington Park,-80.9881673,31.9938259
358788269,Lutheran Church of the Redeemer,-80.9846000,32.0127000
2724680422,,-80.9840623,32.0273548
358704051,Sister Island,-80.9839980,31.9360505
2724680363,,-80.9838654,32.0250889
2724680404,,-80.9838218,32.0262057
2724680441,,-80.9836557,32.0283448
5452303203,Dollar Tree,-80.9833134,32.0146871
358690702,Long Island,-80.9831632,31.9046630
2724680472,,-80.9831480,32.0293464
2724680359,,-80.9829143,32.0247454
2724680377,,-80.9828550,32.0227201
2724680335,,-80.9827237,32.0259556
2724680491,,-80.9825440,32.0301614
4242204853,Goodwill,-80.9823144,32.0151363
2724680504,,-80.9821799,32.0309209
2724680381,,-80.9819123,32.0216413
2724680262,,-80.9819120,32.0264838
2724680517,,-80.9818371,32.0317285
2724680368,,-80.9817543,32.0224676
2724680331,,-80.9817398,32.0247978
2724680203,,-80.9813482,32.0271770
2724680522,,-80.9807258,32.0227137
358708000,Wassaw Island,-80.9806632,31.9049407
2724680300,,-80.9805712,32.0244161
2724680178,,-80.9805368,32.0276565
2724680181,,-80.9796863,32.0251392
2724680174,,-80.9794994,32.0278739
2724680167,,-80.9789786,32.0262257
2724680156,,-80.9787438,32.0283735
4550744089,,-80.9780062,32.0147313
2724680138,,-80.9778803,32.0259416
2724680140,,-80.9778645,32.0287904
2724680127,,-80.9777615,32.0274206
358710959,National Wassaw Wildlife Refuge,-80.9776075,31.9013298
6015293778,Starbucks,-80.9770041,32.0160044
2724680118,,-80.9768747,32.0295107
2724680123,,-80.9768547,32.0261343
2724680119,,-80.9765466,32.0269155
358788109,Islands First Baptist Church,-80.9763000,32.0179000
2724680111,,-80.9760919,32.0300201
2724680106,,-80.9754010,32.0265952
358781340,Saint Andrew's School,-80.9752670,32.0111166
2724680090,,-80.9750043,32.0305677
358684162,Dead Man Hammock,-80.9748304,31.9182736
2724680100,,-80.9747352,32.0272714
358705728,Talahi Island,-80.9742783,32.0324348
2724680092,,-80.9737738,32.0275499
153989093,Wilmington Island,-80.9737230,32.0035477
2724680199,,-80.9735409,32.0284428
2724680533,,-80.9733675,32.0301345
2724680129,,-80.9726289,32.0290922
2724678954,,-80.9723291,32.0322818
2724680454,,-80.9722750,32.0300797
2724678957,,-80.9722418,32.0351135
535647966,Concord Road Recycling Center,-80.9721952,32.0187787
2724680446,,-80.9721338,32.0343045
2724680426,,-80.9720774,32.0334364
154025464,Harbor Creek,-80.9720562,32.0238243
2724678960,,-80.9720217,32.0363694
2724678739,,-80.9719821,32.0384847
2724678744,,-80.9717807,32.0392791
5985506580,Shark Tooth Island,-80.9716118,32.0702810
6015293776,Scotsman of Savannah,-80.9714606,32.0210005
2724678967,,-80.9714477,32.0376080
2724678956,,-80.9714283,32.0326019
2724680085,,-80.9711759,32.0349081
2724680113,,-80.9711215,32.0338108
2724678878,,-80.9710449,32.0360600
2724678745,,-80.9707891,32.0386375
2724678951,,-80.9707704,32.0369587
2724678842,,-80.9706334,32.0395904
2724678756,,-80.9704575,32.0330883
2724678904,,-80.9702946,32.0379371
2724680135,,-80.9701131,32.0353743
2724678882,,-80.9698568,32.0318215
2724680134,,-80.9697834,32.0341589
358788185,Grace Church of the Islands,-80.9697000,32.0170000
2724678919,,-80.9696983,32.0392923
2724678873,,-80.9695972,32.0366449
6015293775,Charles C. Brooks Park,-80.9694635,32.0203398
2724678935,,-80.9693454,32.0328193
2724678947,,-80.9689604,32.0357347
2724678781,,-80.9689197,32.0375813
2724680094,,-80.9686353,32.0335255
2724678931,,-80.9686053,32.0387305
2724678923,,-80.9685975,32.0365383
154088055,Golden Isles,-80.9684450,32.0252131
2724678740,,-80.9683680,32.0324325
2724678807,,-80.9679682,32.0371530
2724678940,,-80.9677733,32.0382891
2724680095,,-80.9676893,32.0347940
358681973,Cabbage Island,-80.9676099,31.9560498
2724680107,,-80.9675442,32.0337350
2724678748,,-80.9674087,32.0328921
2724678824,,-80.9670353,32.0373231
358788795,Saint Peter the Apostle Catholic Church,-80.9670000,32.0215000
2724680108,,-80.9668659,32.0355718
2724680139,,-80.9665527,32.0341563
2724678783,,-80.9665253,32.0332992
2724680112,,-80.9663802,32.0363052
2724680146,,-80.9660505,32.0350262
2724678917,,-80.9657158,32.0337578
358788214,Islands Community Church,-80.9654000,32.0221000
2724678927,,-80.9650505,32.0345168
2724680150,,-80.9650065,32.0354157
1605922452,Chu's Convenience Mart,-80.9647395,32.0311503
153898123,Woodridge Estates,-80.9644289,32.0060461
2724678933,,-80.9641062,32.0348287
2724678939,,-80.9624328,32.0350106
358709317,Wilmington Island,-80.9620562,32.0024367
153868241,River Oaks,-80.9620560,32.0263242
5985603042,Daufuskie Water Taxi,-80.9603780,32.0339701
358788767,Saint Francis of the Islands Church,-80.9581000,32.0114000
358680920,Bird Island,-80.9553891,32.0596556
358692003,McQueens Island,-80.9523337,32.0349348
358690707,Long Island,-80.9395556,32.0479898
358716318,Tybee National Wildlife Refuge,-80.9164999,32.0418792
2437641216,Fort Pulaski National Park Visitor Center,-80.8927432,32.0271569
3687409544,,-80.8834424,32.0141166
3698957800,Tybee Island Marina,-80.8829729,32.0132899
5499897238,,-80.8709380,32.0166843
358704633,Spanish Hammock,-80.8642251,32.0041578
358706881,Tybee Island,-80.8612217,32.0154921
974135084,A.J.'s Dockside Restaurant,-80.8547850,31.9973143
358688099,Horse Pen Hammock,-80.8534439,32.0082704
5998134640,,-80.8511188,31.9886011
6421199009,Tybee Island Pizza,-80.8499301,31.9921159
367914239,Tybee Island City Jail,-80.8497987,32.0239088
5896056246,Admiral's Inn,-80.8493161,31.9936666
974175818,,-80.8492663,31.9927100
983779859,Tim's Beach Gear,-80.8489942,31.9972411
973789861,Dunes Inn & Suites,-80.8488034,31.9946497
5998134641,,-80.8487769,31.9889844
974144827,Wild Rose Cafe,-80.8485193,31.9921172
974163835,Blimpie's,-80.8484415,31.9956527
7325886570,Chu's Convenience Mart,-80.8481875,32.0162460
153937128,Tybee Island,-80.8469427,31.9987321
967623396,,-80.8458191,32.0202221
973841293,Bench,-80.8454261,32.0223790
358786824,Tybee Island Maritime Academy,-80.8450552,32.0041373
974130522,Tybee Artc Center,-80.8448012,32.0194871
358781423,,-80.8445951,32.0075951
153929657,Fort Screven,-80.8443628,32.0217615
974195511,Bench,-80.8442431,32.0132255
6421199008,,-80.8435080,32.0076755
974131067,,-80.8432108,32.0149564
974196620,Sundaes,-80.8431483,32.0126549
968055416,,-80.8428264,32.0219286
974188459,McElwee's Seafood Restaurant,-80.8420946,32.0124981
6421199011,The Deck Beach Bar and Kitchen,-80.8416147,32.0085927
6421199012,,-80.8411381,32.0124261
